date,ndx,vxn,qqq
1999-01-04,1854.39,,
1999-01-05,1903.0,,
1999-01-06,1963.95,,
1999-01-07,1966.35,,
1999-01-08,1973.66,,
1999-01-11,2000.1801,,
1999-01-12,1939.08,,
1999-01-13,1948.71,,
1999-01-14,1906.12,,
1999-01-15,1981.62,,
1999-01-19,2033.71,,
1999-01-20,2033.71,,
1999-01-21,1961.76,,
1999-01-22,1964.21,,
1999-01-25,1997.16,,
1999-01-26,2062.2,,
1999-01-27,2030.36,,
1999-01-28,2104.5901,,
1999-01-29,2127.1899,,
1999-02-01,2130.9299,,
1999-02-02,2078.6899,,
1999-02-03,2119.9399,,
1999-02-04,2027.66,,
1999-02-05,1988.55,,
1999-02-08,2034.21,,
1999-02-09,1935.33,,
1999-02-10,1944.1801,,
1999-02-11,2044.6801,,
1999-02-12,1958.6,,
1999-02-16,1954.49,,
1999-02-17,1891.37,,
1999-02-18,1906.09,,
1999-02-19,1931.59,,
1999-02-22,1996.02,,
1999-02-23,2028.23,,
1999-02-24,1989.14,,
1999-02-25,1974.39,,
1999-02-26,1925.28,,
1999-03-01,1937.7,,
1999-03-02,1888.66,,
1999-03-03,1899.8101,,
1999-03-04,1933.03,,
1999-03-05,1969.87,,
1999-03-08,2034.05,,
1999-03-09,2028.5699,,
1999-03-10,2038.51,,51.0625
1999-03-11,2043.76,,51.3125
1999-03-12,2008.96,,50.0625
1999-03-15,2060.3401,,51.5
1999-03-16,2073.3101,,51.9375
1999-03-17,2064.5,,51.5625
1999-03-18,2102.77,,52.5625
1999-03-19,2053.6899,,51.2188
1999-03-22,2027.14,,50.5938
1999-03-23,1961.3101,,48.8125
1999-03-24,2013.55,,50.4688
1999-03-25,2083.3501,,52.3125
1999-03-26,2067.3,,51.75
1999-03-29,2144.6599,,53.625
1999-03-30,2125.6899,,53.25
1999-03-31,2106.3899,,52.4688
1999-04-01,2146.1299,,53.5625
1999-04-05,2219.6399,,55.5
1999-04-06,2218.8301,,55.6094
1999-04-07,2192.29,,55.0312
1999-04-08,2224.75,,55.4688
1999-04-09,2232.47,,55.8125
1999-04-12,2219.21,,55.4375
1999-04-13,2175.1799,,54.6875
1999-04-14,2103.6299,,52.8125
1999-04-15,2135.8101,,53.5312
1999-04-16,2086.46,,51.9688
1999-04-19,1967.58,,49.5312
1999-04-20,2030.28,,50.6562
1999-04-21,2105.8201,,53.1562
1999-04-22,2183.49,,54.5938
1999-04-23,2210.4399,,55.3125
1999-04-26,2260.6599,,56.5859
1999-04-27,2207.03,,55.7188
1999-04-28,2150.4399,,53.8125
1999-04-29,2119.29,,53.375
1999-04-30,2136.3899,,53.7188
1999-05-03,2137.95,,53.4375
1999-05-04,2097.55,,52.5938
1999-05-05,2155.77,,54.1875
1999-05-06,2078.6299,,52.2188
1999-05-07,2117.73,,52.9688
1999-05-10,2134.75,,53.5
1999-05-11,2175.8501,,54.3438
1999-05-12,2217.6799,,55.4688
1999-05-13,2179.0801,,54.4375
1999-05-14,2125.1499,,53.4062
1999-05-17,2175.74,,54.3672
1999-05-18,2159.26,,54.125
1999-05-19,2186.2,,54.875
1999-05-20,2139.95,,53.3672
1999-05-21,2114.3999,,52.875
1999-05-24,2060.5901,,51.5312
1999-05-25,1999.04,,49.8438
1999-05-26,2053.04,,51.2344
1999-05-27,2050.0901,,51.1875
1999-05-28,2089.7,,52.0312
1999-06-01,2025.79,,50.875
1999-06-02,2074.54,,51.7344
1999-06-03,2030.4,,51.0
1999-06-04,2109.4099,,52.5625
1999-06-07,2152.6899,,53.6562
1999-06-08,2086.75,,52.3125
1999-06-09,2135.48,,53.1875
1999-06-10,2097.79,,52.5781
1999-06-11,2062.29,,51.7812
1999-06-14,2028.92,,50.8047
1999-06-15,2058.1699,,51.5625
1999-06-16,2167.49,,54.2109
1999-06-17,2190.8301,,54.8125
1999-06-18,2205.46,,55.0625
1999-06-21,2268.6599,,56.7109
1999-06-22,2209.8899,,55.0
1999-06-23,2239.3301,,55.8672
1999-06-24,2184.8701,,54.7578
1999-06-25,2185.76,,54.6875
1999-06-28,2243.9399,,55.9844
1999-06-29,2280.0601,,56.75
1999-06-30,2296.77,,57.625
1999-07-01,2322.3201,,58.0156
1999-07-02,2347.8799,,58.75
1999-07-06,2330.73,,58.375
1999-07-07,2340.6699,,58.4688
1999-07-08,2374.5801,,59.25
1999-07-09,2393.02,,59.8438
1999-07-12,2384.24,,59.5312
1999-07-13,2373.6599,,59.25
1999-07-14,2417.05,,60.2578
1999-07-15,2429.27,,60.8125
1999-07-16,2459.48,,61.375
1999-07-19,2424.6201,,60.75
1999-07-20,2329.3201,,58.4062
1999-07-21,2363.6299,,58.6875
1999-07-22,2281.9199,,57.1953
1999-07-23,2302.02,,57.2812
1999-07-26,2233.51,,55.875
1999-07-27,2308.78,,57.0
1999-07-28,2333.78,,58.1172
1999-07-29,2263.0601,,56.875
1999-07-30,2270.9299,,56.5938
1999-08-02,2264.8101,,56.4375
1999-08-03,2239.1799,,56.0703
1999-08-04,2204.3301,,55.0547
1999-08-05,2232.23,,55.9297
1999-08-06,2212.1499,,55.3281
1999-08-09,2187.6101,,54.6172
1999-08-10,2163.77,,54.125
1999-08-11,2241.8,,55.9062
1999-08-12,2214.3301,,55.25
1999-08-13,2307.0601,,57.6562
1999-08-16,2313.0801,,58.1172
1999-08-17,2337.3701,,58.4062
1999-08-18,2317.3899,,57.75
1999-08-19,2278.79,,57.0625
1999-08-20,2315.0701,,57.9688
1999-08-23,2385.8701,,59.8125
1999-08-24,2404.8201,,60.2188
1999-08-25,2460.9199,,61.5
1999-08-26,2417.3,,60.4766
1999-08-27,2402.5701,,59.875
1999-08-30,2366.8799,,59.0312
1999-08-31,2396.8701,,59.6875
1999-09-01,2404.9399,,60.1172
1999-09-02,2392.6001,,59.9062
1999-09-03,2506.6899,,62.6562
1999-09-07,2491.8201,,62.375
1999-09-08,2454.6699,,61.5312
1999-09-09,2505.5,,62.4062
1999-09-10,2534.6101,,63.125
1999-09-13,2483.1001,,62.3672
1999-09-14,2522.46,,62.7109
1999-09-15,2463.0901,,61.5
1999-09-16,2466.8799,,61.4688
1999-09-17,2536.9099,,63.3125
1999-09-20,2545.4099,,63.4609
1999-09-21,2473.74,,61.9375
1999-09-22,2513.9399,,62.5938
1999-09-23,2403.0701,,60.0
1999-09-24,2399.5801,,60.0781
1999-09-27,2426.51,,60.5
1999-09-28,2428.1101,,60.7812
1999-09-29,2398.78,,59.5625
1999-09-30,2407.8999,,60.1875
1999-10-01,2404.45,,60.2109
1999-10-04,2467.9199,,61.5625
1999-10-05,2471.5,,62.0
1999-10-06,2532.3999,,63.2422
1999-10-07,2532.0,,63.0938
1999-10-08,2555.3601,,63.7578
1999-10-11,2578.8799,,64.6562
1999-10-12,2526.8201,,63.1875
1999-10-13,2454.49,,61.3125
1999-10-14,2470.99,,61.6953
1999-10-15,2403.8101,,59.875
1999-10-18,2362.1101,,59.1172
1999-10-19,2362.25,,59.4375
1999-10-20,2466.29,,61.25
1999-10-21,2477.1399,,62.25
1999-10-22,2485.8999,,61.9688
1999-10-25,2484.1899,,62.0
1999-10-26,2466.3999,,61.5
1999-10-27,2457.46,,61.4062
1999-10-28,2539.9299,,63.5312
1999-10-29,2637.4399,,65.75
1999-11-01,2616.3601,,65.4062
1999-11-02,2626.99,,65.4453
1999-11-03,2672.72,,66.75
1999-11-04,2703.1101,,67.5
1999-11-05,2755.7,,68.1875
1999-11-08,2786.27,,69.5625
1999-11-09,2763.5801,,69.0938
1999-11-10,2797.6101,,70.0
1999-11-11,2849.8101,,71.25
1999-11-12,2888.9099,,72.1875
1999-11-15,2875.8701,,72.0469
1999-11-16,2940.25,,73.875
1999-11-17,2911.6899,,72.875
1999-11-18,3003.49,,75.1094
1999-11-19,3028.8401,,75.7812
1999-11-22,3049.6101,,74.625
1999-11-23,2999.78,,74.9688
1999-11-24,3108.52,,77.4375
1999-11-26,3116.6201,,77.6875
1999-11-29,3063.23,,76.4062
1999-11-30,2966.71,,73.5
1999-12-01,2997.28,,75.0938
1999-12-02,3108.47,,77.4766
1999-12-03,3172.3701,,79.125
1999-12-06,3191.0901,,79.8438
1999-12-07,3205.0801,,79.8438
1999-12-08,3164.0801,,78.875
1999-12-09,3167.52,,79.25
1999-12-10,3203.28,,79.9062
1999-12-13,3242.3701,,80.9922
1999-12-14,3167.29,,79.5312
1999-12-15,3239.1799,,81.0625
1999-12-16,3332.3101,,83.0625
1999-12-17,3359.8601,,83.7812
1999-12-20,3390.01,,84.875
1999-12-21,3528.53,,89.4375
1999-12-22,3562.29,,89.1562
1999-12-23,3590.28,,90.2188
1999-12-27,3598.51,,89.6875
1999-12-28,3579.95,,89.125
1999-12-29,3689.6799,,92.5
1999-12-30,3683.6699,,91.5
1999-12-31,3707.8301,,91.375
2000-01-03,3790.55,,94.75
2000-01-04,3546.2,,88.25
2000-01-05,3507.3101,,86.0
2000-01-06,3340.8101,,80.0938
2000-01-07,3529.6001,,90.0
2000-01-10,3717.4099,,92.5
2000-01-11,3544.3501,,88.0
2000-01-12,3478.1399,,86.0625
2000-01-13,3612.0801,,91.25
2000-01-14,3704.74,,93.375
2000-01-18,3757.78,,93.875
2000-01-19,3790.8899,,96.0
2000-01-20,3841.74,,95.0625
2000-01-21,3849.96,,96.25
2000-01-24,3660.96,,91.625
2000-01-25,3759.1101,,93.0
2000-01-26,3621.21,,89.25
2000-01-27,3593.1499,,90.5625
2000-01-28,3446.1299,,86.0
2000-01-31,3570.05,,89.6875
2000-02-01,3701.78,,92.0938
2000-02-02,3724.46,,92.875
2000-02-03,3851.1599,,96.5
2000-02-04,3874.3701,,97.1562
2000-02-07,3933.3401,,98.5
2000-02-08,4062.77,,102.625
2000-02-09,3968.46,,99.0
2000-02-10,4090.0,,102.25
2000-02-11,3968.8899,,99.875
2000-02-14,3986.1299,,99.75
2000-02-15,3997.03,,100.4688
2000-02-16,3997.97,,100.0
2000-02-17,4125.3799,,102.125
2000-02-18,3965.75,,98.4375
2000-02-22,3969.1299,,98.75
2000-02-23,4170.0898,,104.25
2000-02-24,4253.0498,,106.5
2000-02-25,4178.5801,,104.0625
2000-02-28,4162.1299,,104.0
2000-02-29,4266.9399,,106.75
2000-03-01,4309.0098,,107.625
2000-03-02,4234.2598,,105.1328
2000-03-03,4442.8701,,111.0625
2000-03-06,4457.1802,,111.9375
2000-03-07,4390.8301,,110.25
2000-03-08,4445.6802,,111.25
2000-03-09,4586.2598,,115.0
2000-03-10,4587.1602,,114.5
2000-03-13,4426.7998,,111.5
2000-03-14,4226.9902,,107.375
2000-03-15,4130.0098,,102.875
2000-03-16,4353.3301,,108.75
2000-03-17,4440.4502,,110.8125
2000-03-20,4261.1499,,107.6875
2000-03-21,4449.3301,,111.75
2000-03-22,4596.8101,,114.0
2000-03-23,4660.6201,,116.0
2000-03-24,4691.6099,,117.5625
2000-03-27,4704.73,,117.75
2000-03-28,4583.3901,,114.75
2000-03-29,4413.9199,,110.0
2000-03-30,4250.1899,,107.25
2000-03-31,4397.8398,,109.5
2000-04-03,4077.02,,102.9375
2000-04-04,4034.1699,,101.9375
2000-04-05,4030.26,,100.125
2000-04-06,4086.73,,102.5
2000-04-07,4291.5298,,106.625
2000-04-10,3998.26,,100.125
2000-04-11,3909.21,,97.75
2000-04-12,3633.6299,,92.0
2000-04-13,3553.8101,,88.0
2000-04-14,3207.96,,80.375
2000-04-17,3529.45,,89.625
2000-04-18,3715.8101,,92.0
2000-04-19,3583.0701,,89.1875
2000-04-20,3505.29,,87.25
2000-04-24,3353.53,,84.75
2000-04-25,3621.5601,,90.4688
2000-04-26,3505.71,,87.375
2000-04-27,3692.5701,,91.25
2000-04-28,3773.1799,,94.75
2000-05-01,3829.8401,,95.625
2000-05-02,3627.3101,,90.125
2000-05-03,3562.1599,,89.125
2000-05-04,3570.73,,89.3125
2000-05-05,3688.3601,,91.4375
2000-05-08,3521.6001,,87.875
2000-05-09,3445.26,,86.0
2000-05-10,3244.73,,79.75
2000-05-11,3381.5701,,84.625
2000-05-12,3406.25,,84.625
2000-05-15,3512.1101,,88.3125
2000-05-16,3646.8899,,90.8125
2000-05-17,3550.5,,88.9375
2000-05-18,3426.3501,,85.75
2000-05-19,3260.6399,,81.6875
2000-05-22,3264.71,,81.625
2000-05-23,3023.4199,,74.8125
2000-05-24,3180.3101,,79.5
2000-05-25,3099.28,,77.75
2000-05-26,3101.4399,,77.75
2000-05-30,3414.03,,85.5625
2000-05-31,3324.0801,,83.125
2000-06-01,3518.98,,87.375
2000-06-02,3755.6699,,93.625
2000-06-05,3730.3101,,93.8594
2000-06-06,3646.3201,,91.25
2000-06-07,3736.01,,93.6875
2000-06-08,3707.3101,,93.25
2000-06-09,3760.26,,93.75
2000-06-12,3638.4199,,90.75
2000-06-13,3765.8101,,94.25
2000-06-14,3677.49,,92.125
2000-06-15,3752.01,,93.75
2000-06-16,3787.3601,,94.25
2000-06-19,3933.7,,98.0
2000-06-20,3933.8301,,97.625
2000-06-21,3970.0,,98.875
2000-06-22,3804.1101,,95.25
2000-06-23,3685.3,,91.5
2000-06-26,3771.45,,94.0
2000-06-27,3699.0,,92.875
2000-06-28,3771.0601,,94.0
2000-06-29,3665.8301,,91.6406
2000-06-30,3763.79,,93.4375
2000-07-03,3804.78,,95.25
2000-07-05,3649.8,,91.5625
2000-07-06,3793.48,,94.0
2000-07-07,3841.27,,95.9375
2000-07-10,3772.2,,94.4844
2000-07-11,3744.53,,95.0
2000-07-12,3901.1201,,97.25
2000-07-13,3956.6699,,98.5
2000-07-14,4041.1499,,100.625
2000-07-17,4061.8799,,101.75
2000-07-18,3960.96,,99.5
2000-07-19,3843.98,,97.25
2000-07-20,3995.46,,100.375
2000-07-21,3908.75,,97.0
2000-07-24,3790.6201,,95.0
2000-07-25,3865.3899,,95.75
2000-07-26,3818.3101,,95.625
2000-07-27,3681.6299,,91.875
2000-07-28,3477.3101,,86.875
2000-07-31,3609.3501,,89.4375
2000-08-01,3521.1499,,88.25
2000-08-02,3490.3401,,86.6875
2000-08-03,3623.5,,90.4375
2000-08-04,3618.6299,,90.125
2000-08-07,3710.3899,,92.25
2000-08-08,3686.3701,,94.125
2000-08-09,3693.04,,91.625
2000-08-10,3595.1899,,89.8125
2000-08-11,3644.6101,,91.0625
2000-08-14,3719.6101,,93.0
2000-08-15,3722.6201,,93.0
2000-08-16,3721.25,,93.9375
2000-08-17,3830.5901,,95.75
2000-08-18,3807.51,,95.25
2000-08-21,3827.6201,,95.5
2000-08-22,3827.8899,,95.5
2000-08-23,3896.9199,,97.0625
2000-08-24,3949.5701,,98.5625
2000-08-25,3931.25,,98.0312
2000-08-28,3954.24,,98.5
2000-08-29,3951.9399,,99.0
2000-08-30,3968.73,,98.875
2000-08-31,4077.5901,,101.625
2000-09-01,4099.2998,,102.625
2000-09-05,3987.03,,99.5
2000-09-06,3837.6201,,96.0
2000-09-07,3953.3601,,98.125
2000-09-08,3813.4399,,95.125
2000-09-11,3706.74,,92.8125
2000-09-12,3666.8701,,91.375
2000-09-13,3741.75,,93.5
2000-09-14,3737.4199,,93.0
2000-09-15,3676.3301,,91.3125
2000-09-18,3585.52,,89.875
2000-09-19,3756.3999,,93.1875
2000-09-20,3790.45,,94.625
2000-09-21,3718.1499,,87.75
2000-09-22,3701.1799,,92.9375
2000-09-25,3622.1001,,90.4688
2000-09-26,3582.5901,,89.4375
2000-09-27,3571.8999,,89.5625
2000-09-28,3725.1499,,91.5625
2000-09-29,3570.6101,,88.75
2000-10-02,3457.97,,86.75
2000-10-03,3353.3401,,84.0
2000-10-04,3453.3601,,85.625
2000-10-05,3424.3201,,85.875
2000-10-06,3311.9399,,83.0
2000-10-09,3318.8999,,82.625
2000-10-10,3188.29,,78.3125
2000-10-11,3100.53,,77.0625
2000-10-12,3004.45,,75.125
2000-10-13,3277.77,,81.25
2000-10-16,3249.46,,82.0
2000-10-17,3172.1899,,78.25
2000-10-18,3139.3101,,78.0
2000-10-19,3402.95,,85.0625
2000-10-20,3456.6101,,86.3125
2000-10-23,3422.0,,86.1875
2000-10-24,3353.26,,82.5
2000-10-25,3107.6101,,77.875
2000-10-26,3167.1399,,79.875
2000-10-27,3175.25,,79.7188
2000-10-30,3081.0701,,76.7656
2000-10-31,3282.3,,81.7031
2000-11-01,3225.27,,81.0
2000-11-02,3308.48,,82.0
2000-11-03,3321.9099,,83.0625
2000-11-06,3290.47,,82.4375
2000-11-07,3279.5701,,82.125
2000-11-08,3059.0901,,75.7031
2000-11-09,3057.0601,,75.6875
2000-11-10,2890.26,,71.75
2000-11-13,2836.6201,,71.8594
2000-11-14,3039.5,,75.8438
2000-11-15,3076.7,,77.375
2000-11-16,2925.1599,,72.875
2000-11-17,2934.8101,,72.8281
2000-11-20,2792.4099,,69.8594
2000-11-21,2786.53,,69.75
2000-11-22,2668.25,,66.625
2000-11-24,2830.0901,,70.4375
2000-11-27,2769.3201,,69.5625
2000-11-28,2621.1101,,65.4531
2000-11-29,2602.8501,,62.9375
2000-11-30,2506.54,,62.9844
2000-12-01,2549.74,,64.0
2000-12-04,2554.3999,,65.0
2000-12-05,2852.8701,,70.6875
2000-12-06,2743.7,,68.0
2000-12-07,2719.9099,,66.5
2000-12-08,2895.3899,,68.0
2000-12-11,2972.9099,,74.375
2000-12-12,2863.21,,71.6562
2000-12-13,2748.8799,,68.7344
2000-12-14,2639.26,,65.375
2000-12-15,2543.0901,,63.875
2000-12-18,2543.0901,,64.0
2000-12-19,2399.6299,,59.125
2000-12-20,2210.3201,,55.7344
2000-12-21,2224.8401,,56.0625
2000-12-22,2436.26,,60.5
2000-12-26,2404.6001,,60.875
2000-12-27,2460.21,,61.5625
2000-12-28,2464.6201,,61.4375
2000-12-29,2341.7,,58.375
2001-01-02,2128.78,,53.4375
2001-01-03,2528.3799,,62.4375
2001-01-04,2460.04,,61.3125
2001-01-05,2267.8501,,56.625
2001-01-08,2281.54,,57.25
2001-01-09,2311.3999,,57.25
2001-01-10,2413.71,,60.1875
2001-01-11,2524.29,,61.9375
2001-01-12,2506.05,,62.7344
2001-01-16,2470.72,,61.9844
2001-01-17,2558.6699,,63.875
2001-01-18,2670.47,,66.5625
2001-01-19,2655.77,,66.3125
2001-01-22,2643.1299,,66.375
2001-01-23,2730.05,58.57,67.7656
2001-01-24,2726.45,60.66,67.125
2001-01-25,2595.8501,63.48,64.5
2001-01-26,2631.78,62.46,65.5469
2001-01-29,2694.53,62.4,67.0
2001-01-30,2686.1399,62.5,66.75
2001-01-31,2593.0,61.45,64.3
2001-02-01,2607.1599,60.49,65.15
2001-02-02,2472.1799,63.75,61.55
2001-02-05,2467.3,62.93,61.5
2001-02-06,2473.24,60.7,61.6
2001-02-07,2409.6599,62.0,60.6
2001-02-08,2355.6699,62.91,58.79
2001-02-09,2261.77,65.21,56.4
2001-02-12,2286.76,64.27,57.08
2001-02-13,2208.3999,66.36,55.25
2001-02-14,2305.8201,65.83,57.45
2001-02-15,2371.04,63.55,58.4
2001-02-16,2212.51,64.41,55.13
2001-02-20,2095.1101,67.6,52.99
2001-02-21,2058.54,68.57,51.5
2001-02-22,2032.42,71.83,51.0
2001-02-23,2056.0601,72.04,51.18
2001-02-26,2097.6399,70.91,52.15
2001-02-27,1964.52,73.45,49.0
2001-02-28,1908.3199,75.57,47.45
2001-03-01,1968.02,74.81,48.8
2001-03-02,1881.34,77.43,46.7
2001-03-05,1916.6801,72.79,47.55
2001-03-06,1976.3101,69.03,49.4
2001-03-07,1996.23,67.32,49.42
2001-03-08,1938.15,67.63,48.5
2001-03-09,1813.02,70.7,45.1
2001-03-12,1680.64,76.25,42.3
2001-03-13,1789.7,72.67,44.45
2001-03-14,1745.13,73.61,43.75
2001-03-15,1697.92,75.93,42.15
2001-03-16,1647.51,76.23,41.2
2001-03-19,1730.46,73.6,43.26
2001-03-20,1614.47,74.34,40.35
2001-03-21,1605.04,71.34,40.35
2001-03-22,1701.9,71.54,42.8
2001-03-23,1705.02,70.7,42.8
2001-03-26,1676.9,69.2,41.81
2001-03-27,1735.63,66.6,43.25
2001-03-28,1602.22,68.37,39.7
2001-03-29,1563.14,73.22,38.95
2001-03-30,1573.25,72.13,39.15
2001-04-02,1516.58,72.22,37.4
2001-04-03,1399.05,75.12,34.66
2001-04-04,1370.75,76.37,34.05
2001-04-05,1519.05,76.29,37.31
2001-04-06,1448.16,79.56,35.95
2001-04-09,1481.22,75.18,37.05
2001-04-10,1597.87,74.4,39.8
2001-04-11,1647.36,75.18,41.0
2001-04-12,1714.29,66.33,42.8
2001-04-16,1650.21,73.37,40.25
2001-04-17,1671.51,73.59,41.25
2001-04-18,1830.79,69.71,45.55
2001-04-19,1953.28,71.83,48.3
2001-04-20,1933.5699,74.34,48.4
2001-04-23,1811.89,78.37,45.15
2001-04-24,1762.21,79.95,44.3
2001-04-25,1814.33,79.75,45.1
2001-04-26,1763.33,78.42,43.95
2001-04-27,1810.47,71.3,45.15
2001-04-30,1855.15,68.71,46.15
2001-05-01,1919.01,65.46,48.05
2001-05-02,1962.42,63.9,48.98
2001-05-03,1877.8,68.62,46.8
2001-05-04,1924.12,66.2,48.2
2001-05-07,1895.41,63.83,47.2
2001-05-08,1929.24,62.92,48.2
2001-05-09,1876.6,65.66,46.55
2001-05-10,1838.3199,66.54,45.77
2001-05-11,1821.2,65.62,45.55
2001-05-14,1795.0601,66.12,44.82
2001-05-15,1797.08,63.68,45.15
2001-05-16,1899.47,60.22,47.15
2001-05-17,1925.14,58.69,47.9
2001-05-18,1927.6899,53.06,48.04
2001-05-21,2052.5701,52.97,51.05
2001-05-22,2042.9301,52.9,50.9
2001-05-23,1957.5601,53.64,48.65
2001-05-24,2003.37,53.22,49.9
2001-05-25,1960.74,52.46,48.99
2001-05-29,1873.53,56.08,46.12
2001-05-30,1779.0,59.62,44.43
2001-05-31,1799.89,59.67,44.73
2001-06-01,1840.83,57.19,46.05
2001-06-04,1838.84,57.07,45.83
2001-06-05,1923.9,53.9,47.85
2001-06-06,1903.84,54.34,47.48
2001-06-07,1963.3101,52.7,48.7
2001-06-08,1896.22,52.79,47.35
2001-06-11,1846.5,54.48,46.05
2001-06-12,1852.03,54.13,45.8
2001-06-13,1790.21,57.64,44.55
2001-06-14,1711.39,59.46,42.25
2001-06-15,1701.53,60.55,42.6
2001-06-18,1666.49,56.4,42.03
2001-06-19,1675.9,55.24,41.82
2001-06-20,1721.5601,54.52,42.77
2001-06-21,1751.22,52.06,43.35
2001-06-22,1727.47,51.84,43.25
2001-06-25,1743.9,54.01,43.36
2001-06-26,1751.62,52.81,43.51
2001-06-27,1756.02,51.89,43.79
2001-06-28,1808.9399,48.71,44.35
2001-06-29,1830.1899,45.49,45.7
2001-07-02,1830.1899,43.97,45.45
2001-07-03,1822.16,45.14,45.64
2001-07-05,1751.0,49.44,43.45
2001-07-06,1668.59,51.99,41.65
2001-07-09,1697.05,51.14,42.01
2001-07-10,1624.95,56.2,40.5
2001-07-11,1641.5601,57.2,41.0
2001-07-12,1750.13,54.02,43.6
2001-07-13,1751.11,53.47,43.15
2001-07-16,1685.74,53.96,42.35
2001-07-17,1729.55,54.84,43.3
2001-07-18,1666.87,56.44,41.65
2001-07-19,1695.89,54.59,42.64
2001-07-20,1676.46,53.64,41.65
2001-07-23,1629.9301,54.72,40.61
2001-07-24,1604.86,57.62,40.15
2001-07-25,1627.86,54.72,40.5
2001-07-26,1673.39,52.72,41.1
2001-07-27,1683.1801,51.77,41.95
2001-07-30,1670.03,50.59,41.7
2001-07-31,1683.61,48.35,41.76
2001-08-01,1729.53,47.81,43.1
2001-08-02,1751.45,48.05,43.91
2001-08-03,1725.9,48.47,43.18
2001-08-06,1702.84,48.42,42.5
2001-08-07,1696.37,48.76,42.28
2001-08-08,1626.2,48.73,40.5
2001-08-09,1628.92,48.15,40.67
2001-08-10,1617.45,48.52,40.28
2001-08-13,1653.27,47.49,41.1
2001-08-14,1629.95,48.44,40.6
2001-08-15,1572.03,48.37,39.1
2001-08-16,1581.98,50.98,39.56
2001-08-17,1516.58,52.02,37.76
2001-08-20,1535.99,51.64,38.28
2001-08-21,1480.74,52.54,36.69
2001-08-22,1515.41,51.09,37.69
2001-08-23,1496.98,49.26,37.32
2001-08-24,1579.62,47.7,39.3
2001-08-27,1578.33,47.22,39.35
2001-08-28,1526.3,48.74,38.12
2001-08-29,1499.76,49.28,37.56
2001-08-30,1453.9,52.28,36.17
2001-08-31,1469.7,52.86,36.63
2001-09-04,1424.12,57.15,35.47
2001-09-05,1415.3,58.73,35.33
2001-09-06,1361.6899,62.01,33.9
2001-09-07,1354.27,65.45,33.7
2001-09-10,1365.39,63.84,34.1
2001-09-17,1252.7,73.26,31.2
2001-09-18,1224.64,74.74,30.5
2001-09-19,1208.23,76.93,29.97
2001-09-20,1166.27,82.49,28.97
2001-09-21,1126.95,77.73,28.19
2001-09-24,1191.02,69.41,29.61
2001-09-25,1187.77,67.57,29.7
2001-09-26,1143.48,65.94,28.67
2001-09-27,1144.27,65.91,28.48
2001-09-28,1168.37,65.19,28.98
2001-10-01,1151.24,64.94,28.73
2001-10-02,1159.37,63.84,28.82
2001-10-03,1249.41,62.17,31.0
2001-10-04,1260.66,61.94,31.3
2001-10-05,1271.73,63.35,31.76
2001-10-08,1279.63,66.13,31.86
2001-10-09,1244.5601,66.26,31.09
2001-10-10,1304.6801,66.19,32.5
2001-10-11,1389.87,61.64,34.7
2001-10-12,1393.84,65.98,34.55
2001-10-15,1378.92,66.24,34.4
2001-10-16,1404.8101,64.01,34.96
2001-10-17,1314.8,67.11,32.45
2001-10-18,1330.33,70.69,33.33
2001-10-19,1347.59,69.28,33.55
2001-10-22,1383.0699,67.36,34.45
2001-10-23,1384.0601,63.73,34.63
2001-10-24,1424.6899,61.91,35.38
2001-10-25,1479.05,56.93,36.8
2001-10-26,1454.9,56.91,36.01
2001-10-29,1374.58,60.29,34.04
2001-10-30,1342.26,63.41,33.38
2001-10-31,1364.78,62.35,33.9
2001-11-01,1424.15,61.18,35.34
2001-11-02,1425.78,61.19,35.6
2001-11-05,1480.21,58.96,36.76
2001-11-06,1523.09,57.31,38.19
2001-11-07,1524.67,57.18,38.14
2001-11-08,1510.6,58.75,37.75
2001-11-09,1514.96,58.59,37.73
2001-11-12,1528.75,58.99,38.0
2001-11-13,1580.76,55.94,39.36
2001-11-14,1585.89,56.38,39.64
2001-11-15,1582.58,57.45,39.48
2001-11-16,1582.14,55.01,39.37
2001-11-19,1617.58,50.83,40.49
2001-11-20,1549.7,51.41,38.62
2001-11-21,1552.01,52.68,38.42
2001-11-23,1577.47,50.81,39.28
2001-11-26,1619.65,48.22,40.25
2001-11-27,1609.87,49.27,40.2
2001-11-28,1557.03,52.21,38.75
2001-11-29,1599.3,48.91,39.95
2001-11-30,1596.05,48.45,39.65
2001-12-03,1567.54,49.74,38.97
2001-12-04,1634.27,48.04,40.83
2001-12-05,1720.91,47.44,42.85
2001-12-06,1717.97,48.39,42.91
2001-12-07,1673.9,50.18,41.73
2001-12-10,1645.36,52.12,41.0
2001-12-11,1661.27,50.73,41.23
2001-12-12,1669.95,48.09,41.56
2001-12-13,1601.91,52.15,39.76
2001-12-14,1605.67,52.79,40.11
2001-12-17,1640.34,51.07,40.8
2001-12-18,1657.6801,49.05,41.26
2001-12-19,1628.6899,49.68,40.51
2001-12-20,1557.36,52.91,38.79
2001-12-21,1578.27,50.96,39.48
2001-12-24,1577.3101,49.44,39.32
2001-12-26,1590.84,49.06,39.69
2001-12-27,1606.48,47.46,40.01
2001-12-28,1621.13,45.94,40.33
2001-12-31,1577.05,47.26,38.91
2002-01-02,1610.39,48.05,40.11
2002-01-03,1666.66,47.07,41.5
2002-01-04,1675.03,46.86,41.67
2002-01-07,1649.83,47.89,41.21
2002-01-08,1666.58,47.41,41.49
2002-01-09,1653.76,48.35,41.11
2002-01-10,1656.6801,48.66,41.38
2002-01-11,1634.17,48.37,40.85
2002-01-14,1603.76,49.51,39.96
2002-01-15,1612.46,48.02,40.34
2002-01-16,1558.98,49.43,38.78
2002-01-17,1602.3199,46.97,39.65
2002-01-18,1548.22,48.89,38.59
2002-01-22,1501.78,50.37,37.4
2002-01-23,1549.21,48.15,38.43
2002-01-24,1565.13,47.37,38.94
2002-01-25,1558.26,45.67,38.83
2002-01-28,1564.86,42.96,39.05
2002-01-29,1519.33,45.9,37.98
2002-01-30,1538.9399,44.67,38.27
2002-01-31,1550.17,42.46,38.51
2002-02-01,1528.15,43.08,38.14
2002-02-04,1479.17,45.84,36.92
2002-02-05,1462.86,46.74,36.31
2002-02-06,1445.96,49.06,36.06
2002-02-07,1413.86,51.11,35.19
2002-02-08,1452.17,49.28,36.17
2002-02-11,1477.64,46.41,36.63
2002-02-12,1464.76,45.45,36.33
2002-02-13,1486.75,44.47,36.95
2002-02-14,1474.71,42.22,36.88
2002-02-15,1436.7,44.99,35.78
2002-02-19,1387.27,47.23,34.68
2002-02-20,1408.26,46.7,35.15
2002-02-21,1348.25,48.08,33.48
2002-02-22,1356.16,48.57,33.65
2002-02-25,1407.99,44.07,35.01
2002-02-26,1401.1899,44.77,34.88
2002-02-27,1378.48,45.76,34.4
2002-02-28,1359.22,46.19,33.78
2002-03-01,1435.41,41.94,35.74
2002-03-04,1494.7,40.79,37.15
2002-03-05,1498.95,42.28,37.42
2002-03-06,1519.95,42.73,37.6
2002-03-07,1506.8101,43.76,37.68
2002-03-08,1555.11,41.62,38.67
2002-03-11,1553.8,42.05,38.53
2002-03-12,1520.54,43.01,38.0
2002-03-13,1486.27,43.26,37.08
2002-03-14,1477.1899,42.33,36.86
2002-03-15,1495.41,40.26,37.23
2002-03-18,1505.89,38.75,37.44
2002-03-19,1504.67,38.99,37.38
2002-03-20,1451.02,38.16,36.06
2002-03-21,1488.97,36.98,37.02
2002-03-22,1470.1,37.56,36.68
2002-03-25,1427.6,39.18,35.56
2002-03-26,1439.55,37.68,35.89
2002-03-27,1436.51,37.16,35.61
2002-03-28,1452.8101,36.28,36.06
2002-04-01,1478.52,36.45,36.75
2002-04-02,1410.41,39.32,35.09
2002-04-03,1394.21,41.03,35.03
2002-04-04,1396.97,40.22,34.76
2002-04-05,1376.72,40.82,34.37
2002-04-08,1392.96,40.28,34.8
2002-04-09,1345.3199,42.46,33.59
2002-04-10,1363.29,42.07,33.84
2002-04-11,1324.65,43.67,33.0
2002-04-12,1351.85,42.81,33.52
2002-04-15,1355.09,41.87,33.79
2002-04-16,1413.9301,39.43,35.2
2002-04-17,1403.71,39.29,35.02
2002-04-18,1395.9,39.34,34.35
2002-04-19,1385.01,39.35,34.46
2002-04-22,1349.83,39.06,33.59
2002-04-23,1322.8101,39.93,33.01
2002-04-24,1302.3199,40.18,32.5
2002-04-25,1302.3199,40.17,32.42
2002-04-26,1250.89,42.24,31.04
2002-04-29,1246.75,45.12,31.12
2002-04-30,1277.0699,43.76,31.73
2002-05-01,1267.4399,43.91,31.56
2002-05-02,1225.37,44.52,30.51
2002-05-03,1190.74,46.26,29.74
2002-05-06,1161.16,49.12,28.97
2002-05-07,1159.25,50.12,28.7
2002-05-08,1282.41,45.81,31.77
2002-05-09,1240.41,48.08,30.95
2002-05-10,1188.78,50.73,29.56
2002-05-13,1241.54,46.12,30.76
2002-05-14,1305.55,44.34,32.57
2002-05-15,1311.05,45.4,32.81
2002-05-16,1315.85,44.52,32.86
2002-05-17,1325.8,42.94,32.93
2002-05-20,1292.21,42.88,32.21
2002-05-21,1255.91,44.65,31.33
2002-05-22,1264.51,44.7,31.4
2002-05-23,1286.77,43.2,32.03
2002-05-24,1253.03,42.86,31.24
2002-05-28,1244.8199,45.11,31.1
2002-05-29,1218.6801,45.7,30.28
2002-05-30,1227.9,46.62,30.54
2002-05-31,1208.34,45.89,30.04
2002-06-03,1159.15,47.65,28.98
2002-06-04,1178.8,49.66,29.36
2002-06-05,1195.6,48.02,29.66
2002-06-06,1157.62,49.76,28.88
2002-06-07,1140.24,52.24,28.3
2002-06-10,1135.62,52.57,28.25
2002-06-11,1100.97,53.12,27.46
2002-06-12,1123.34,52.86,27.86
2002-06-13,1106.54,54.3,27.68
2002-06-14,1109.6,55.67,27.62
2002-06-17,1149.91,54.98,28.56
2002-06-18,1138.47,54.55,29.02
2002-06-19,1097.54,55.24,27.34
2002-06-20,1062.45,57.93,26.46
2002-06-21,1035.63,59.3,25.82
2002-06-24,1057.6801,58.65,26.33
2002-06-25,1022.74,59.88,25.46
2002-06-26,1027.22,64.36,25.65
2002-06-27,1050.64,63.16,26.21
2002-06-28,1051.41,57.95,26.1
2002-07-01,998.17,57.45,24.85
2002-07-02,963.66,59.57,23.95
2002-07-03,995.68,60.06,24.75
2002-07-05,1060.89,56.28,26.34
2002-07-08,1014.33,59.29,25.38
2002-07-09,990.23,62.12,24.66
2002-07-10,959.05,65.22,23.9
2002-07-11,998.03,68.99,24.8
2002-07-12,1000.82,66.0,24.8
2002-07-15,1021.02,67.85,25.57
2002-07-16,1011.3,67.94,25.19
2002-07-17,1028.74,63.23,25.65
2002-07-18,994.61,63.61,24.73
2002-07-19,965.37,61.17,23.99
2002-07-22,939.1,62.58,23.4
2002-07-23,896.82,66.39,22.4
2002-07-24,951.58,65.7,23.62
2002-07-25,894.45,69.48,22.25
2002-07-26,910.91,69.02,22.67
2002-07-29,970.13,57.57,23.83
2002-07-30,980.36,56.46,24.31
2002-07-31,962.1,57.86,23.85
2002-08-01,913.59,60.35,22.73
2002-08-02,892.51,65.44,22.25
2002-08-05,857.08,67.52,21.44
2002-08-06,901.91,64.18,22.5
2002-08-07,919.08,68.84,22.8
2002-08-08,947.24,59.35,23.57
2002-08-09,937.33,58.7,23.33
2002-08-12,938.98,56.29,23.4
2002-08-13,907.62,57.68,22.6
2002-08-14,968.84,53.28,24.04
2002-08-15,980.98,51.24,24.53
2002-08-16,996.06,50.65,24.7
2002-08-19,1026.0601,47.02,25.3
2002-08-20,1008.02,47.71,25.19
2002-08-21,1035.47,46.11,25.75
2002-08-22,1049.03,45.0,26.16
2002-08-23,1010.49,47.62,25.15
2002-08-26,1016.79,48.42,25.25
2002-08-27,974.47,50.01,24.37
2002-08-28,944.83,53.52,23.48
2002-08-29,961.75,55.05,23.79
2002-08-30,942.38,54.98,23.49
2002-09-03,899.64,58.79,22.64
2002-09-04,920.98,57.42,22.73
2002-09-05,882.92,60.72,22.17
2002-09-06,922.22,56.54,22.85
2002-09-09,932.23,55.47,23.08
2002-09-10,947.72,53.07,23.65
2002-09-11,946.4,54.0,23.45
2002-09-12,915.01,56.44,22.81
2002-09-13,923.83,55.85,22.99
2002-09-16,908.48,57.73,22.66
2002-09-17,897.53,60.39,22.18
2002-09-18,895.2,59.33,21.93
2002-09-19,865.93,62.76,21.58
2002-09-20,871.6,59.08,21.67
2002-09-23,843.08,59.85,21.02
2002-09-24,843.61,59.4,21.03
2002-09-25,880.44,56.69,21.87
2002-09-26,873.74,59.09,21.6
2002-09-27,860.35,57.86,21.31
2002-09-30,832.52,58.35,20.72
2002-10-01,870.63,57.24,21.98
2002-10-02,849.55,58.15,21.25
2002-10-03,833.21,58.21,20.74
2002-10-04,815.4,60.28,20.35
2002-10-07,804.64,62.32,20.16
2002-10-08,811.5,61.16,20.2
2002-10-09,807.42,62.38,20.06
2002-10-10,849.57,62.82,21.08
2002-10-11,890.61,58.87,22.22
2002-10-14,900.75,59.08,22.48
2002-10-15,950.42,56.37,23.56
2002-10-16,910.13,56.87,22.78
2002-10-17,945.06,56.22,23.55
2002-10-18,956.13,55.33,23.81
2002-10-21,979.35,52.34,24.29
2002-10-22,963.87,53.61,24.14
2002-10-23,989.32,52.37,24.6
2002-10-24,964.91,54.58,23.98
2002-10-25,995.55,50.39,24.7
2002-10-28,979.55,51.52,24.49
2002-10-29,960.82,52.47,23.92
2002-10-30,986.09,51.29,24.56
2002-10-31,989.54,52.99,24.55
2002-11-01,1019.06,49.86,25.25
2002-11-04,1046.99,49.22,25.9
2002-11-05,1050.39,51.2,26.1
2002-11-06,1065.86,50.06,26.47
2002-11-07,1025.79,53.9,25.54
2002-11-08,1008.35,52.01,25.07
2002-11-11,972.48,55.71,24.31
2002-11-12,1001.94,55.25,24.93
2002-11-13,1011.94,54.46,25.23
2002-11-14,1057.83,52.4,26.1
2002-11-15,1061.28,49.68,26.44
2002-11-18,1045.1899,48.09,26.05
2002-11-19,1025.96,45.52,25.65
2002-11-20,1070.53,44.82,26.74
2002-11-21,1118.14,44.7,27.73
2002-11-22,1116.01,46.49,27.72
2002-11-25,1127.0601,45.68,27.99
2002-11-26,1087.49,47.99,27.05
2002-11-27,1125.67,47.42,27.91
2002-11-29,1116.1,49.48,27.72
2002-12-02,1120.49,50.16,28.0
2002-12-03,1088.8,51.99,27.17
2002-12-04,1069.4399,53.55,26.57
2002-12-05,1053.0601,54.16,26.2
2002-12-06,1065.97,52.28,26.47
2002-12-09,1014.84,52.98,25.22
2002-12-10,1033.0699,51.75,25.6
2002-12-11,1036.34,51.62,25.72
2002-12-12,1039.95,51.05,25.86
2002-12-13,1005.85,50.92,25.04
2002-12-16,1042.4399,49.84,25.85
2002-12-17,1040.01,48.14,25.93
2002-12-18,1013.67,49.64,25.38
2002-12-19,1006.05,49.47,25.06
2002-12-20,1013.9,48.51,25.32
2002-12-23,1032.3,45.89,25.67
2002-12-24,1023.29,45.13,25.35
2002-12-26,1016.46,45.36,25.28
2002-12-27,997.85,46.71,24.82
2002-12-30,989.89,46.49,24.63
2002-12-31,984.37,46.94,24.37
2003-01-02,1027.86,47.05,25.4
2003-01-03,1031.63,45.71,25.68
2003-01-06,1061.48,43.45,26.32
2003-01-07,1071.85,42.96,26.65
2003-01-08,1042.52,44.56,25.9
2003-01-09,1076.05,42.99,26.7
2003-01-10,1087.36,42.28,27.1
2003-01-13,1083.0,41.74,26.94
2003-01-14,1094.87,41.92,27.08
2003-01-15,1073.6,43.45,26.74
2003-01-16,1061.46,44.8,26.44
2003-01-17,1017.58,42.84,25.31
2003-01-21,1008.93,43.24,25.03
2003-01-22,1006.51,44.16,24.93
2003-01-23,1032.67,43.27,25.51
2003-01-24,996.18,45.05,24.82
2003-01-27,986.41,46.59,24.53
2003-01-28,1001.41,46.73,24.78
2003-01-29,1016.56,43.64,25.15
2003-01-30,985.52,46.22,24.5
2003-01-31,983.05,46.81,24.44
2003-02-03,987.07,46.04,24.49
2003-02-04,971.73,48.31,24.19
2003-02-05,968.97,48.51,24.08
2003-02-06,970.55,48.62,24.21
2003-02-07,957.05,48.26,23.81
2003-02-10,969.96,47.31,24.02
2003-02-11,971.61,46.9,24.15
2003-02-12,956.77,47.43,23.82
2003-02-13,951.9,50.97,23.94
2003-02-14,982.09,48.38,24.49
2003-02-18,1014.91,48.4,25.25
2003-02-19,1005.88,47.63,25.08
2003-02-20,1001.47,48.56,24.98
2003-02-21,1015.92,46.1,25.17
2003-02-24,994.69,44.88,24.74
2003-02-25,999.28,44.33,24.77
2003-02-26,974.49,46.97,24.22
2003-02-27,994.8,46.16,24.77
2003-02-28,1009.74,45.66,25.16
2003-03-03,991.07,45.83,24.65
2003-03-04,982.98,44.97,24.5
2003-03-05,990.23,44.34,24.55
2003-03-06,983.96,45.65,24.49
2003-03-07,986.82,46.39,24.54
2003-03-10,964.29,47.03,24.01
2003-03-11,958.82,47.53,23.8
2003-03-12,970.54,47.5,24.23
2003-03-13,1029.79,44.98,25.62
2003-03-14,1030.45,45.8,25.72
2003-03-17,1077.01,46.67,26.6
2003-03-18,1082.1899,48.02,26.93
2003-03-19,1074.97,48.2,26.7
2003-03-20,1080.24,48.48,26.8
2003-03-21,1093.12,45.78,27.17
2003-03-24,1047.1,46.36,26.04
2003-03-25,1066.5699,45.0,26.41
2003-03-26,1066.3,43.94,26.56
2003-03-27,1061.9301,43.87,26.37
2003-03-28,1046.72,43.09,26.08
2003-03-31,1018.66,43.05,25.25
2003-04-01,1022.63,41.97,25.45
2003-04-02,1063.46,41.6,26.15
2003-04-03,1064.0601,42.09,26.48
2003-04-04,1050.7,42.85,26.05
2003-04-07,1053.28,41.44,26.09
2003-04-08,1046.3,40.92,26.06
2003-04-09,1023.52,41.45,25.46
2003-04-10,1033.14,40.33,25.77
2003-04-11,1026.15,39.62,25.51
2003-04-14,1048.3101,39.51,26.03
2003-04-15,1053.08,36.5,26.28
2003-04-16,1054.89,37.05,26.22
2003-04-17,1083.5601,35.88,26.82
2003-04-21,1081.04,35.49,26.92
2003-04-22,1102.4399,33.65,27.43
2003-04-23,1112.9301,33.13,27.63
2003-04-24,1108.12,33.68,27.48
2003-04-25,1083.1899,33.7,26.95
2003-04-28,1107.13,32.68,27.48
2003-04-29,1116.79,32.58,27.73
2003-04-30,1106.0601,32.67,27.45
2003-05-01,1113.21,32.49,27.69
2003-05-02,1136.35,32.36,28.28
2003-05-05,1136.26,31.69,28.25
2003-05-06,1152.78,32.13,28.61
2003-05-07,1135.85,32.0,28.29
2003-05-08,1118.76,33.29,27.77
2003-05-09,1143.55,32.09,28.41
2003-05-12,1160.42,32.58,28.84
2003-05-13,1155.97,32.84,28.66
2003-05-14,1148.14,33.14,28.6
2003-05-15,1162.9301,32.18,28.92
2003-05-16,1154.48,31.02,28.7
2003-05-19,1112.49,31.1,27.69
2003-05-20,1112.85,32.22,27.77
2003-05-21,1113.6801,30.88,27.69
2003-05-22,1131.45,30.11,28.09
2003-05-23,1130.05,29.73,28.1
2003-05-27,1172.58,29.28,29.1
2003-05-28,1173.3101,30.22,29.19
2003-05-29,1181.8199,31.42,29.31
2003-05-30,1197.89,31.66,29.79
2003-06-02,1185.13,33.63,29.58
2003-06-03,1198.5699,33.51,29.86
2003-06-04,1224.76,33.01,30.42
2003-06-05,1231.72,34.53,30.64
2003-06-06,1213.11,36.13,30.13
2003-06-09,1195.55,37.43,29.73
2003-06-10,1212.99,34.0,30.18
2003-06-11,1228.24,33.74,30.52
2003-06-12,1229.3199,34.01,30.65
2003-06-13,1203.91,34.46,29.96
2003-06-16,1241.58,33.79,30.88
2003-06-17,1239.63,33.61,30.76
2003-06-18,1247.9,33.15,30.92
2003-06-19,1225.89,33.86,30.42
2003-06-20,1223.4,32.34,30.38
2003-06-23,1200.17,31.8,29.91
2003-06-24,1191.7,32.43,29.68
2003-06-25,1188.33,31.75,29.52
2003-06-26,1214.58,30.91,30.22
2003-06-27,1205.24,30.93,29.83
2003-06-30,1201.6899,31.23,29.95
2003-07-01,1217.37,30.22,30.35
2003-07-02,1245.75,31.05,30.97
2003-07-03,1231.34,32.47,30.58
2003-07-07,1281.89,33.51,31.89
2003-07-08,1298.37,33.49,32.28
2003-07-09,1295.16,33.22,32.2
2003-07-10,1268.65,33.66,31.6
2003-07-11,1280.5699,32.8,31.84
2003-07-14,1295.74,33.89,32.22
2003-07-15,1294.47,33.95,32.26
2003-07-16,1291.99,33.99,32.16
2003-07-17,1255.9399,35.47,31.18
2003-07-18,1259.91,33.41,31.28
2003-07-21,1240.78,33.07,30.88
2003-07-22,1257.63,32.45,31.34
2003-07-23,1268.52,30.78,31.6
2003-07-24,1253.76,31.45,31.18
2003-07-25,1278.3101,30.04,31.8
2003-07-28,1280.53,30.4,31.89
2003-07-29,1275.17,30.16,31.65
2003-07-30,1263.78,30.86,31.42
2003-07-31,1276.9399,31.22,31.8
2003-08-01,1264.34,32.48,31.46
2003-08-04,1267.38,32.65,31.45
2003-08-05,1229.72,34.23,30.21
2003-08-06,1215.13,34.42,30.19
2003-08-07,1217.17,34.02,30.31
2003-08-08,1207.28,32.03,30.07
2003-08-11,1223.14,32.12,30.4
2003-08-12,1240.7,30.21,30.86
2003-08-13,1240.37,30.27,30.87
2003-08-14,1251.9,29.27,30.9
2003-08-15,1253.63,29.21,31.17
2003-08-18,1284.8101,26.62,31.97
2003-08-19,1299.6899,26.5,32.37
2003-08-20,1299.73,27.64,32.29
2003-08-21,1314.65,28.28,32.64
2003-08-22,1304.54,29.47,32.44
2003-08-25,1306.64,29.34,32.51
2003-08-26,1309.05,29.75,32.54
2003-08-27,1318.9301,30.05,32.8
2003-08-28,1332.33,30.31,33.09
2003-08-29,1341.2,29.52,33.39
2003-09-02,1361.09,30.06,33.87
2003-09-03,1360.1899,31.19,33.85
2003-09-04,1373.26,30.91,34.16
2003-09-05,1361.9,30.7,33.94
2003-09-08,1386.73,29.55,34.5
2003-09-09,1370.5601,30.38,34.09
2003-09-10,1332.28,33.16,33.27
2003-09-11,1350.8,32.97,33.64
2003-09-12,1357.63,32.68,33.82
2003-09-15,1347.77,32.93,33.49
2003-09-16,1382.8199,31.66,34.4
2003-09-17,1376.8,31.75,34.26
2003-09-18,1400.13,29.75,34.78
2003-09-19,1392.26,29.74,34.58
2003-09-22,1366.3199,27.94,33.92
2003-09-23,1388.15,26.98,34.52
2003-09-24,1339.64,29.36,33.22
2003-09-25,1325.75,30.65,32.79
2003-09-26,1309.3101,30.88,32.58
2003-09-29,1335.51,30.66,33.14
2003-09-30,1303.7,32.83,32.42
2003-10-01,1335.34,31.33,33.15
2003-10-02,1337.1,31.25,33.26
2003-10-03,1375.3199,29.2,34.19
2003-10-06,1381.7,29.42,34.44
2003-10-07,1392.5601,29.3,34.65
2003-10-08,1382.4,29.16,34.43
2003-10-09,1396.95,28.84,34.69
2003-10-10,1404.87,27.62,35.01
2003-10-13,1414.72,26.77,35.24
2003-10-14,1420.66,26.49,35.33
2003-10-15,1417.59,26.77,35.18
2003-10-16,1426.71,25.47,35.46
2003-10-17,1394.02,25.33,34.61
2003-10-20,1409.3101,24.78,35.04
2003-10-21,1422.13,24.35,35.25
2003-10-22,1387.4,25.68,34.57
2003-10-23,1378.11,26.09,34.17
2003-10-24,1370.61,25.45,34.2
2003-10-27,1377.41,26.12,34.21
2003-10-28,1420.02,25.0,35.36
2003-10-29,1419.92,24.72,35.32
2003-10-30,1417.38,24.74,35.39
2003-10-31,1416.39,24.89,35.18
2003-11-03,1443.13,25.38,35.76
2003-11-04,1429.38,25.69,35.52
2003-11-05,1429.5601,25.2,35.84
2003-11-06,1440.08,25.35,35.94
2003-11-07,1436.73,25.2,35.63
2003-11-10,1414.62,26.49,35.19
2003-11-11,1409.64,26.55,35.06
2003-11-12,1443.52,25.55,35.81
2003-11-13,1439.87,25.45,35.77
2003-11-14,1407.51,26.16,35.04
2003-11-17,1393.75,27.81,34.68
2003-11-18,1364.7,29.65,33.88
2003-11-19,1378.9,29.96,34.21
2003-11-20,1363.49,30.49,33.88
2003-11-21,1373.3199,29.08,34.23
2003-11-24,1419.3101,27.07,35.18
2003-11-25,1411.36,25.99,35.18
2003-11-26,1420.11,25.63,35.34
2003-11-28,1424.25,25.63,35.38
2003-12-01,1447.08,26.29,35.9
2003-12-02,1431.89,26.72,35.7
2003-12-03,1419.77,27.34,35.25
2003-12-04,1432.38,26.81,35.63
2003-12-05,1406.91,27.05,35.04
2003-12-08,1418.05,27.55,35.24
2003-12-09,1383.66,28.32,34.43
2003-12-10,1388.96,27.84,34.56
2003-12-11,1416.96,26.15,35.3
2003-12-12,1417.27,25.86,35.24
2003-12-15,1396.8199,27.07,34.78
2003-12-16,1403.28,26.15,34.85
2003-12-17,1400.0,25.12,34.91
2003-12-18,1431.3101,24.53,35.56
2003-12-19,1426.17,24.89,35.46
2003-12-22,1431.71,24.75,35.57
2003-12-23,1448.17,23.49,35.84
2003-12-24,1443.1899,23.34,35.9
2003-12-26,1443.86,24.01,35.85
2003-12-29,1470.37,23.73,36.44
2003-12-30,1470.01,23.36,36.56
2003-12-31,1467.92,24.49,36.46
2004-01-02,1463.5699,24.51,36.36
2004-01-05,1496.58,23.89,37.09
2004-01-06,1501.26,22.76,37.34
2004-01-07,1514.26,21.91,37.68
2004-01-08,1530.65,21.89,37.98
2004-01-09,1520.46,23.01,37.73
2004-01-12,1539.77,22.56,38.33
2004-01-13,1524.78,23.05,37.95
2004-01-14,1534.08,23.17,38.08
2004-01-15,1532.01,22.64,38.18
2004-01-16,1553.62,20.24,38.57
2004-01-20,1552.87,20.49,38.54
2004-01-21,1546.6,20.71,38.38
2004-01-22,1530.42,21.74,38.15
2004-01-23,1531.21,21.27,38.01
2004-01-26,1553.66,20.99,38.59
2004-01-27,1519.23,23.03,37.74
2004-01-28,1491.5699,25.16,37.1
2004-01-29,1496.4,25.2,37.24
2004-01-30,1493.08,25.06,37.07
2004-02-02,1487.84,25.81,36.97
2004-02-03,1491.85,26.3,36.93
2004-02-04,1462.61,26.65,36.33
2004-02-05,1465.03,26.17,36.47
2004-02-06,1498.95,24.67,37.13
2004-02-09,1490.91,25.21,37.12
2004-02-10,1500.29,24.5,37.18
2004-02-11,1514.1801,23.53,37.58
2004-02-12,1501.34,23.53,37.25
2004-02-13,1484.47,24.14,36.94
2004-02-17,1506.5699,23.87,37.44
2004-02-18,1507.49,23.73,37.55
2004-02-19,1484.8,24.24,36.98
2004-02-20,1482.1,24.12,36.86
2004-02-23,1463.75,24.38,36.45
2004-02-24,1462.05,24.68,36.36
2004-02-25,1470.22,23.55,36.58
2004-02-26,1477.13,23.1,36.67
2004-02-27,1470.38,22.84,36.57
2004-03-01,1489.49,22.54,37.05
2004-03-02,1473.22,22.42,36.62
2004-03-03,1466.09,23.09,36.42
2004-03-04,1481.36,22.5,36.76
2004-03-05,1472.99,22.08,36.63
2004-03-08,1441.12,24.08,35.77
2004-03-09,1437.47,24.7,35.66
2004-03-10,1417.5,26.05,35.19
2004-03-11,1402.2,26.58,34.87
2004-03-12,1431.4,25.3,35.51
2004-03-15,1399.87,27.13,34.89
2004-03-16,1407.0699,27.34,34.95
2004-03-17,1428.89,24.75,35.5
2004-03-18,1417.77,24.58,35.34
2004-03-19,1398.58,25.99,34.75
2004-03-22,1381.39,27.15,34.31
2004-03-23,1370.04,26.84,34.03
2004-03-24,1381.86,26.06,34.42
2004-03-25,1425.86,23.7,35.34
2004-03-26,1415.39,23.04,35.22
2004-03-29,1442.3101,23.16,35.79
2004-03-30,1445.25,23.18,35.91
2004-03-31,1438.41,23.76,35.84
2004-04-01,1453.22,23.41,36.16
2004-04-02,1490.3,21.35,37.1
2004-04-05,1508.37,21.11,37.45
2004-04-06,1493.58,22.23,36.98
2004-04-07,1481.96,21.99,36.94
2004-04-08,1485.51,21.38,36.94
2004-04-12,1495.9301,20.37,37.17
2004-04-13,1472.88,22.23,36.63
2004-04-14,1475.66,21.59,36.81
2004-04-15,1459.45,22.83,36.15
2004-04-16,1449.0601,22.55,36.09
2004-04-19,1473.48,21.4,36.53
2004-04-20,1436.9,23.07,35.68
2004-04-21,1451.01,22.82,35.99
2004-04-22,1485.5,21.35,36.92
2004-04-23,1497.01,20.68,37.21
2004-04-26,1480.53,21.83,36.94
2004-04-27,1479.47,21.84,36.87
2004-04-28,1453.03,23.92,36.2
2004-04-29,1431.36,24.9,35.64
2004-04-30,1401.36,25.73,34.77
2004-05-03,1415.29,25.72,35.1
2004-05-04,1422.11,25.14,35.25
2004-05-05,1428.42,24.34,35.53
2004-05-06,1415.6,25.18,35.26
2004-05-07,1406.1899,25.5,34.97
2004-05-10,1397.1,27.91,34.67
2004-05-11,1421.89,27.75,35.19
2004-05-12,1414.83,27.62,35.26
2004-05-13,1417.09,28.11,35.01
2004-05-14,1399.85,29.04,34.75
2004-05-17,1379.9,29.19,34.42
2004-05-18,1397.47,27.75,34.73
2004-05-19,1396.34,26.09,34.69
2004-05-20,1396.87,25.54,34.85
2004-05-21,1408.17,24.9,35.02
2004-05-24,1413.97,24.33,35.26
2004-05-25,1447.72,22.04,35.96
2004-05-26,1453.87,21.63,36.19
2004-05-27,1463.11,21.5,36.42
2004-05-28,1466.22,21.33,36.55
2004-06-01,1468.54,22.57,36.5
2004-06-02,1464.22,22.61,36.42
2004-06-03,1445.21,23.93,35.98
2004-06-04,1455.04,23.84,36.19
2004-06-07,1491.45,22.65,37.05
2004-06-08,1495.97,22.26,37.1
2004-06-09,1469.5,22.35,36.58
2004-06-10,1481.27,21.23,36.84
2004-06-14,1458.64,22.24,36.32
2004-06-15,1479.2,20.88,36.79
2004-06-16,1479.99,20.39,36.73
2004-06-17,1464.03,21.33,36.39
2004-06-18,1464.65,20.02,36.44
2004-06-21,1453.23,19.73,36.15
2004-06-22,1474.87,19.29,36.68
2004-06-23,1493.52,18.98,37.12
2004-06-24,1488.3101,19.36,37.05
2004-06-25,1498.38,18.96,37.33
2004-06-28,1493.0699,20.59,37.02
2004-06-29,1505.65,20.15,37.37
2004-06-30,1516.64,19.37,37.74
2004-07-01,1489.5699,20.06,37.04
2004-07-02,1481.1899,19.89,36.82
2004-07-06,1445.71,22.11,36.03
2004-07-07,1452.49,22.26,36.1
2004-07-08,1431.13,22.68,35.7
2004-07-09,1440.0,22.35,35.75
2004-07-12,1432.11,21.73,35.6
2004-07-13,1428.6801,21.42,35.55
2004-07-14,1416.05,21.64,35.19
2004-07-15,1415.92,21.68,35.07
2004-07-16,1392.17,20.94,34.67
2004-07-19,1396.77,22.21,34.6
2004-07-20,1421.0699,20.91,35.43
2004-07-21,1386.5699,22.15,34.4
2004-07-22,1408.51,22.44,34.87
2004-07-23,1375.48,23.91,34.21
2004-07-26,1368.4,25.29,34.06
2004-07-27,1391.5,24.31,34.53
2004-07-28,1383.75,24.87,34.38
2004-07-29,1398.55,23.99,34.78
2004-07-30,1400.39,23.31,34.89
2004-08-02,1406.33,24.13,34.96
2004-08-03,1379.14,25.08,34.23
2004-08-04,1379.21,25.05,34.24
2004-08-05,1353.4399,26.19,33.6
2004-08-06,1315.3,27.45,32.72
2004-08-09,1318.83,27.45,32.8
2004-08-10,1346.71,26.52,33.21
2004-08-11,1324.65,26.96,32.92
2004-08-12,1304.4301,28.28,32.47
2004-08-13,1307.8199,27.46,32.52
2004-08-16,1326.84,26.72,32.89
2004-08-17,1335.72,25.55,33.26
2004-08-18,1363.73,24.17,33.85
2004-08-19,1353.24,23.91,33.67
2004-08-20,1366.73,23.06,34.01
2004-08-23,1370.9,22.54,34.09
2004-08-24,1369.78,21.97,34.08
2004-08-25,1389.17,21.41,34.55
2004-08-26,1383.98,21.6,34.4
2004-08-27,1388.5601,21.27,34.56
2004-08-30,1367.9399,23.14,33.98
2004-08-31,1368.6801,22.92,34.02
2004-09-01,1377.96,22.65,34.27
2004-09-02,1398.34,21.62,34.78
2004-09-03,1371.8199,21.06,34.14
2004-09-07,1381.84,21.44,34.43
2004-09-08,1376.77,21.28,34.3
2004-09-09,1391.53,20.58,34.59
2004-09-10,1413.0,19.56,35.12
2004-09-13,1427.34,19.14,35.58
2004-09-14,1434.37,19.49,35.63
2004-09-15,1415.3,20.3,35.25
2004-09-16,1417.97,19.92,35.32
2004-09-17,1426.3,20.13,35.43
2004-09-20,1424.72,20.56,35.43
2004-09-21,1435.91,20.3,35.57
2004-09-22,1404.22,21.06,34.95
2004-09-23,1405.77,21.17,34.92
2004-09-24,1399.05,21.1,34.8
2004-09-27,1385.55,21.92,34.5
2004-09-28,1389.7,21.36,34.57
2004-09-29,1410.86,20.67,35.08
2004-09-30,1412.74,20.48,35.14
2004-10-01,1452.9399,18.91,36.1
2004-10-04,1459.01,19.61,36.31
2004-10-05,1461.76,20.02,36.36
2004-10-06,1474.36,19.77,36.65
2004-10-07,1455.77,20.59,36.24
2004-10-08,1430.96,20.69,35.58
2004-10-11,1437.73,20.05,35.75
2004-10-12,1435.0,20.93,35.69
2004-10-13,1434.46,22.13,35.61
2004-10-14,1425.21,22.3,35.45
2004-10-15,1430.98,21.8,35.63
2004-10-18,1457.3101,20.72,36.14
2004-10-19,1443.8,20.84,35.88
2004-10-20,1452.26,20.65,36.05
2004-10-21,1474.79,20.36,36.6
2004-10-22,1438.25,21.36,35.8
2004-10-25,1432.5699,22.7,35.63
2004-10-26,1442.14,22.47,35.82
2004-10-27,1480.03,21.52,36.73
2004-10-28,1487.12,21.25,36.96
2004-10-29,1486.72,21.9,36.9
2004-11-01,1488.79,22.61,37.04
2004-11-02,1494.83,22.97,37.16
2004-11-03,1503.89,20.82,37.41
2004-11-04,1516.2,20.16,37.62
2004-11-05,1525.24,19.47,37.96
2004-11-08,1527.13,19.22,38.0
2004-11-09,1527.0,19.19,37.92
2004-11-10,1517.0601,19.41,37.79
2004-11-11,1541.7,18.92,38.29
2004-11-12,1558.41,18.82,38.66
2004-11-15,1560.96,18.5,38.83
2004-11-16,1548.53,18.6,38.59
2004-11-17,1571.12,18.5,39.11
2004-11-18,1580.8101,18.79,39.29
2004-11-19,1552.11,19.72,38.68
2004-11-22,1568.28,18.77,39.05
2004-11-23,1562.6,18.43,38.99
2004-11-24,1582.55,17.88,39.33
2004-11-26,1578.26,17.94,39.21
2004-11-29,1580.4399,18.83,39.2
2004-11-30,1571.5,18.84,39.12
2004-12-01,1607.15,18.24,39.92
2004-12-02,1613.15,18.64,40.07
2004-12-03,1614.4,18.26,40.13
2004-12-06,1619.59,19.53,40.27
2004-12-07,1589.33,20.28,39.58
2004-12-08,1601.91,20.01,39.81
2004-12-09,1609.79,19.84,40.05
2004-12-10,1605.16,19.57,39.93
2004-12-13,1621.16,18.78,40.28
2004-12-14,1627.46,18.58,40.48
2004-12-15,1623.63,18.77,40.33
2004-12-16,1607.62,18.6,39.95
2004-12-17,1596.61,18.21,39.47
2004-12-20,1591.97,18.21,39.2
2004-12-21,1609.26,16.94,39.68
2004-12-22,1613.5699,17.15,39.73
2004-12-23,1613.77,16.8,39.76
2004-12-27,1607.59,18.33,39.59
2004-12-28,1624.1899,17.79,39.97
2004-12-29,1624.95,17.72,40.02
2004-12-30,1623.76,17.94,39.99
2004-12-31,1621.12,18.58,39.92
2005-01-03,1603.51,19.5,39.5
2005-01-04,1571.83,20.06,38.78
2005-01-05,1563.76,20.18,38.54
2005-01-06,1557.52,20.13,38.35
2005-01-07,1564.8101,19.15,38.55
2005-01-10,1564.92,19.61,38.53
2005-01-11,1553.4,19.67,38.26
2005-01-12,1565.78,19.28,38.58
2005-01-13,1545.1801,19.09,38.07
2005-01-14,1561.11,18.57,38.43
2005-01-18,1573.49,18.75,38.72
2005-01-19,1545.65,19.24,38.08
2005-01-20,1514.5601,19.5,37.35
2005-01-21,1503.64,19.37,37.05
2005-01-24,1480.66,19.87,36.53
2005-01-25,1490.5699,19.52,36.71
2005-01-26,1509.01,18.92,37.15
2005-01-27,1507.55,18.58,37.1
2005-01-28,1499.46,18.58,36.92
2005-01-31,1519.63,18.43,37.4
2005-02-01,1523.66,17.76,37.52
2005-02-02,1525.1,17.3,37.58
2005-02-03,1508.24,17.36,37.15
2005-02-04,1534.49,16.92,37.75
2005-02-07,1529.05,17.56,37.67
2005-02-08,1532.6899,17.6,37.74
2005-02-09,1506.8101,18.24,37.11
2005-02-10,1506.83,17.92,37.15
2005-02-11,1530.51,17.19,37.7
2005-02-14,1538.21,17.68,37.87
2005-02-15,1547.3,17.56,38.12
2005-02-16,1542.41,17.41,37.98
2005-02-17,1519.29,17.53,37.47
2005-02-18,1515.4,17.87,37.35
2005-02-22,1494.0699,19.0,36.89
2005-02-23,1497.09,18.44,36.94
2005-02-24,1517.71,17.61,37.41
2005-02-25,1526.9,17.34,37.62
2005-02-28,1511.02,18.07,37.22
2005-03-01,1527.25,17.78,37.63
2005-03-02,1525.28,18.2,37.61
2005-03-03,1511.89,18.76,37.3
2005-03-04,1520.58,18.13,37.52
2005-03-07,1545.2,17.73,38.06
2005-03-08,1528.65,17.86,37.68
2005-03-09,1521.98,17.8,37.57
2005-03-10,1524.38,17.88,37.52
2005-03-11,1505.64,18.57,37.17
2005-03-14,1515.09,18.35,37.34
2005-03-15,1502.0601,18.68,37.04
2005-03-16,1486.23,19.01,36.62
2005-03-17,1487.63,18.46,36.71
2005-03-18,1484.4,17.88,36.51
2005-03-21,1484.45,17.83,36.58
2005-03-22,1465.09,18.03,36.13
2005-03-23,1471.77,17.68,36.26
2005-03-24,1469.9399,17.15,36.27
2005-03-28,1472.71,17.74,36.34
2005-03-29,1464.34,17.99,36.05
2005-03-30,1491.74,17.36,36.73
2005-03-31,1482.53,17.65,36.57
2005-04-01,1469.35,17.61,36.2
2005-04-04,1476.72,18.07,36.46
2005-04-05,1483.75,17.67,36.56
2005-04-06,1480.67,17.35,36.5
2005-04-07,1499.71,16.67,36.94
2005-04-08,1485.6,16.96,36.64
2005-04-11,1478.55,16.9,36.48
2005-04-12,1489.16,16.24,36.66
2005-04-13,1461.6801,16.07,36.06
2005-04-14,1441.13,18.01,35.55
2005-04-15,1408.59,21.85,34.74
2005-04-18,1409.98,21.38,34.75
2005-04-19,1420.8,19.11,34.99
2005-04-20,1406.85,20.23,34.7
2005-04-21,1447.37,18.52,35.62
2005-04-22,1421.21,19.04,35.09
2005-04-25,1437.3101,18.58,35.38
2005-04-26,1420.4301,18.68,35.05
2005-04-27,1423.76,18.76,35.1
2005-04-28,1409.29,20.13,34.75
2005-04-29,1420.79,18.54,34.98
2005-05-02,1423.71,20.8,35.12
2005-05-03,1427.61,20.14,35.3
2005-05-04,1452.2,18.32,35.73
2005-05-05,1450.16,18.12,35.76
2005-05-06,1456.0,17.58,35.86
2005-05-09,1463.38,18.37,36.03
2005-05-10,1450.36,18.11,35.77
2005-05-11,1459.55,17.87,35.95
2005-05-12,1454.79,18.81,35.85
2005-05-13,1470.63,18.41,36.24
2005-05-16,1480.6801,18.77,36.48
2005-05-17,1490.14,18.28,36.7
2005-05-18,1509.26,17.55,37.2
2005-05-19,1521.4301,16.95,37.51
2005-05-20,1528.0601,15.88,37.66
2005-05-23,1535.22,16.04,37.85
2005-05-24,1540.47,15.84,37.97
2005-05-25,1532.71,15.62,37.81
2005-05-26,1548.8,15.05,38.19
2005-05-27,1549.8,15.15,38.21
2005-05-31,1542.63,16.11,38.08
2005-06-01,1559.5,15.87,38.39
2005-06-02,1568.96,14.95,38.66
2005-06-03,1544.48,15.59,38.1
2005-06-06,1545.27,15.74,38.11
2005-06-07,1531.12,15.61,37.79
2005-06-08,1527.6801,15.8,37.71
2005-06-09,1539.46,15.27,37.95
2005-06-10,1521.02,15.87,37.55
2005-06-13,1529.13,15.74,37.73
2005-06-14,1524.42,15.75,37.58
2005-06-15,1529.49,15.45,37.7
2005-06-16,1537.42,14.97,37.9
2005-06-17,1538.13,14.63,37.87
2005-06-20,1537.3101,14.7,37.87
2005-06-21,1536.48,13.43,37.85
2005-06-22,1534.36,14.04,37.81
2005-06-23,1515.95,15.07,37.39
2005-06-24,1500.1801,15.3,36.97
2005-06-27,1493.75,15.73,36.8
2005-06-28,1508.61,14.84,37.15
2005-06-29,1504.11,14.46,37.07
2005-06-30,1493.52,14.46,36.78
2005-07-01,1490.53,14.27,36.73
2005-07-05,1506.35,14.5,37.11
2005-07-06,1498.05,14.77,36.93
2005-07-07,1503.78,15.14,37.06
2005-07-08,1533.27,13.8,37.77
2005-07-11,1547.66,13.57,38.12
2005-07-12,1555.59,14.77,38.3
2005-07-13,1557.62,14.88,38.39
2005-07-14,1573.4399,14.21,38.77
2005-07-15,1577.8199,13.34,38.89
2005-07-18,1570.09,13.81,38.73
2005-07-19,1590.49,13.06,39.18
2005-07-20,1602.75,12.89,39.46
2005-07-21,1601.89,13.47,39.47
2005-07-22,1600.76,12.95,39.42
2005-07-25,1593.5699,13.58,39.27
2005-07-26,1598.9301,13.56,39.42
2005-07-27,1611.95,12.76,39.72
2005-07-28,1618.64,12.61,39.91
2005-07-29,1605.14,13.87,39.58
2005-08-01,1610.11,14.38,39.65
2005-08-02,1627.01,13.95,40.08
2005-08-03,1627.1899,13.72,40.06
2005-08-04,1608.74,14.94,39.67
2005-08-05,1601.59,15.4,39.48
2005-08-08,1589.97,15.95,39.19
2005-08-09,1601.14,15.25,39.45
2005-08-10,1585.71,15.67,39.11
2005-08-11,1600.65,15.73,39.43
2005-08-12,1591.75,15.63,39.21
2005-08-15,1600.71,15.07,39.45
2005-08-16,1574.01,16.2,38.81
2005-08-17,1582.29,15.57,39.04
2005-08-18,1575.76,15.29,38.84
2005-08-19,1573.72,16.16,38.82
2005-08-22,1575.59,15.94,38.84
2005-08-23,1571.3,15.57,38.73
2005-08-24,1561.71,15.43,38.5
2005-08-25,1565.88,15.35,38.59
2005-08-26,1558.84,15.37,38.46
2005-08-29,1571.52,15.3,38.76
2005-08-30,1565.73,15.36,38.62
2005-08-31,1581.71,14.71,38.98
2005-09-01,1577.25,15.07,38.92
2005-09-02,1573.12,15.67,38.77
2005-09-06,1597.27,14.89,39.34
2005-09-07,1599.86,14.9,39.41
2005-09-08,1597.6801,14.7,39.4
2005-09-09,1607.83,14.27,39.62
2005-09-12,1612.2,15.16,39.73
2005-09-13,1607.38,14.97,39.63
2005-09-14,1589.63,15.57,39.18
2005-09-15,1588.55,15.76,39.16
2005-09-16,1599.4399,14.58,39.4
2005-09-19,1586.05,14.69,39.09
2005-09-20,1578.2,15.17,38.93
2005-09-21,1561.84,15.85,38.5
2005-09-22,1567.36,15.3,38.64
2005-09-23,1571.75,15.16,38.75
2005-09-26,1572.86,14.82,38.76
2005-09-27,1568.84,14.39,38.67
2005-09-28,1568.8101,14.35,38.68
2005-09-29,1589.9301,14.37,39.2
2005-09-30,1601.66,13.31,39.46
2005-10-03,1605.59,13.97,39.56
2005-10-04,1595.54,14.91,39.3
2005-10-05,1571.52,15.86,38.76
2005-10-06,1552.9399,16.79,38.25
2005-10-07,1555.92,16.62,38.34
2005-10-10,1546.99,17.28,38.13
2005-10-11,1539.3101,17.15,37.94
2005-10-12,1521.1899,17.76,37.49
2005-10-13,1533.8,17.19,37.78
2005-10-14,1544.29,16.23,38.06
2005-10-17,1549.88,16.22,38.18
2005-10-18,1538.4301,16.48,37.91
2005-10-19,1569.61,15.57,38.67
2005-10-20,1555.59,16.29,38.31
2005-10-21,1565.12,15.82,38.55
2005-10-24,1590.65,15.23,39.16
2005-10-25,1585.8199,15.28,39.01
2005-10-26,1575.14,15.87,38.81
2005-10-27,1543.38,17.7,38.03
2005-10-28,1557.11,17.52,38.32
2005-10-31,1579.1801,17.99,38.87
2005-11-01,1576.52,17.39,38.84
2005-11-02,1597.29,15.82,39.35
2005-11-03,1619.67,15.65,39.94
2005-11-04,1628.03,15.18,40.08
2005-11-07,1629.27,15.67,40.13
2005-11-08,1628.4,15.56,40.14
2005-11-09,1630.21,15.87,40.16
2005-11-10,1650.9301,14.61,40.6
2005-11-11,1653.36,14.21,40.71
2005-11-14,1651.9,14.68,40.71
2005-11-15,1644.3101,14.79,40.52
2005-11-16,1651.45,13.96,40.77
2005-11-17,1676.39,13.28,41.31
2005-11-18,1679.85,14.36,41.45
2005-11-21,1686.23,14.11,41.55
2005-11-22,1694.14,14.01,41.7
2005-11-23,1696.77,14.16,41.8
2005-11-25,1701.05,13.89,41.89
2005-11-28,1684.39,14.78,41.54
2005-11-29,1676.84,15.4,41.34
2005-11-30,1672.5601,15.31,41.24
2005-12-01,1704.28,14.42,42.01
2005-12-02,1709.1,13.92,42.11
2005-12-05,1694.77,14.6,41.8
2005-12-06,1701.35,14.36,41.94
2005-12-07,1697.04,14.98,41.86
2005-12-08,1685.59,15.44,41.56
2005-12-09,1692.62,15.14,41.72
2005-12-12,1698.35,14.83,41.87
2005-12-13,1705.77,14.22,42.04
2005-12-14,1698.98,13.79,41.9
2005-12-15,1701.7,13.99,41.97
2005-12-16,1688.6801,13.19,41.58
2005-12-19,1664.36,14.23,40.92
2005-12-20,1665.0699,14.14,40.95
2005-12-21,1670.61,13.97,41.13
2005-12-22,1683.35,13.67,41.4
2005-12-23,1682.92,13.6,41.4
2005-12-27,1668.37,14.65,41.04
2005-12-28,1667.1,14.48,40.99
2005-12-29,1655.36,14.62,40.72
2005-12-30,1645.2,14.26,40.41
2006-01-03,1679.9301,14.69,41.31
2006-01-04,1695.83,14.85,41.74
2006-01-05,1705.29,15.01,41.92
2006-01-06,1734.99,14.95,42.68
2006-01-09,1741.9,15.66,42.85
2006-01-10,1744.02,15.77,42.88
2006-01-11,1758.24,15.23,43.21
2006-01-12,1747.35,16.24,43.0
2006-01-13,1746.78,15.92,42.98
2006-01-17,1736.39,16.74,42.7
2006-01-18,1716.62,17.11,42.21
2006-01-19,1729.92,16.51,42.52
2006-01-20,1676.38,19.45,41.25
2006-01-23,1676.3,19.43,41.26
2006-01-24,1686.22,18.37,41.44
2006-01-25,1677.0,17.93,41.26
2006-01-26,1690.49,17.55,41.55
2006-01-27,1711.11,17.31,42.11
2006-01-30,1713.45,17.89,42.19
2006-01-31,1710.75,18.58,42.0
2006-02-01,1713.02,17.12,42.15
2006-02-02,1685.77,17.79,41.43
2006-02-03,1664.53,17.53,40.92
2006-02-06,1657.54,17.62,40.81
2006-02-07,1651.84,17.66,40.63
2006-02-08,1670.47,17.06,41.1
2006-02-09,1654.08,17.14,40.71
2006-02-10,1663.75,16.88,40.96
2006-02-13,1645.83,17.39,40.49
2006-02-14,1661.95,16.91,40.9
2006-02-15,1673.15,16.05,41.16
2006-02-16,1688.61,14.93,41.54
2006-02-17,1675.21,15.11,41.21
2006-02-21,1655.6801,15.25,40.75
2006-02-22,1677.52,15.34,41.26
2006-02-23,1672.29,15.59,41.15
2006-02-24,1676.5,15.16,41.26
2006-02-27,1695.66,14.97,41.72
2006-02-28,1670.5699,15.99,41.1
2006-03-01,1694.58,15.49,41.66
2006-03-02,1693.78,15.99,41.69
2006-03-03,1684.3199,16.27,41.45
2006-03-06,1669.9399,17.52,41.09
2006-03-07,1661.02,17.7,40.85
2006-03-08,1661.86,17.47,40.87
2006-03-09,1645.09,17.79,40.52
2006-03-10,1648.23,17.62,40.56
2006-03-13,1653.79,17.25,40.68
2006-03-14,1681.15,15.72,41.37
2006-03-15,1694.46,15.44,41.72
2006-03-16,1679.05,15.62,41.37
2006-03-17,1685.66,15.36,41.45
2006-03-20,1688.98,15.93,41.55
2006-03-21,1672.47,16.04,41.11
2006-03-22,1676.3199,16.1,41.21
2006-03-23,1670.73,16.03,41.09
2006-03-24,1679.8101,15.91,41.3
2006-03-27,1680.63,16.11,41.31
2006-03-28,1673.03,16.3,41.14
2006-03-29,1703.84,15.81,41.92
2006-03-30,1708.6801,16.14,42.05
2006-03-31,1703.66,16.31,41.93
2006-04-03,1706.77,16.52,41.98
2006-04-04,1716.55,16.26,42.21
2006-04-05,1732.74,15.92,42.61
2006-04-06,1739.2,15.63,42.73
2006-04-07,1723.03,15.88,42.32
2006-04-10,1718.86,16.4,42.26
2006-04-11,1704.4,17.04,41.92
2006-04-12,1704.75,17.04,41.93
2006-04-13,1712.0699,16.34,42.1
2006-04-17,1694.3199,17.31,41.66
2006-04-18,1726.64,16.34,42.46
2006-04-19,1734.04,15.21,42.65
2006-04-20,1728.9,15.52,42.5
2006-04-21,1709.02,15.92,42.0
2006-04-24,1706.4399,15.61,41.96
2006-04-25,1701.47,15.59,41.87
2006-04-26,1702.2,15.55,41.86
2006-04-27,1717.14,15.21,42.26
2006-04-28,1700.71,15.51,41.85
2006-05-01,1686.61,16.33,41.44
2006-05-02,1689.9301,15.79,41.55
2006-05-03,1686.3,15.58,41.49
2006-05-04,1701.03,14.94,41.83
2006-05-05,1713.84,14.43,42.16
2006-05-08,1715.23,14.77,42.2
2006-05-09,1711.17,14.64,42.04
2006-05-10,1694.8199,14.85,41.67
2006-05-11,1657.48,15.72,40.74
2006-05-12,1635.8101,17.1,40.19
2006-05-15,1634.78,18.04,40.16
2006-05-16,1623.6899,17.33,39.86
2006-05-17,1598.91,19.56,39.32
2006-05-18,1587.11,20.31,39.05
2006-05-19,1600.86,20.95,39.35
2006-05-22,1584.5699,22.54,38.97
2006-05-23,1569.01,22.18,38.59
2006-05-24,1580.1801,21.91,38.85
2006-05-25,1599.6801,19.69,39.36
2006-05-26,1606.37,18.58,39.49
2006-05-30,1571.29,22.1,38.64
2006-05-31,1579.58,21.46,38.82
2006-06-01,1616.5699,18.86,39.74
2006-06-02,1612.9,18.38,39.64
2006-06-05,1577.5,20.9,38.78
2006-06-06,1575.39,22.18,38.75
2006-06-07,1565.22,23.54,38.46
2006-06-08,1561.55,24.61,38.4
2006-06-09,1550.97,23.22,38.15
2006-06-12,1520.3101,25.64,37.4
2006-06-13,1516.85,25.73,37.25
2006-06-14,1530.26,24.36,37.63
2006-06-15,1573.08,19.47,38.65
2006-06-16,1562.84,21.69,38.34
2006-06-19,1548.9399,22.04,38.03
2006-06-20,1548.3199,21.03,38.08
2006-06-21,1573.5601,19.66,38.68
2006-06-22,1554.49,20.81,38.19
2006-06-23,1551.05,20.36,38.15
2006-06-26,1556.17,20.83,38.25
2006-06-27,1527.0,22.11,37.53
2006-06-28,1538.25,21.45,37.81
2006-06-29,1585.5601,17.93,38.96
2006-06-30,1575.23,17.89,38.77
2006-07-03,1586.25,17.68,39.0
2006-07-05,1553.95,19.78,38.15
2006-07-06,1551.55,19.8,38.11
2006-07-07,1533.71,20.17,37.69
2006-07-10,1520.9,20.82,37.36
2006-07-11,1533.0601,20.18,37.64
2006-07-12,1501.46,22.07,36.93
2006-07-13,1478.16,24.66,36.31
2006-07-14,1462.17,24.62,35.94
2006-07-17,1468.5,24.52,36.03
2006-07-18,1472.34,23.89,36.15
2006-07-19,1490.6,22.83,36.62
2006-07-20,1466.89,23.22,36.08
2006-07-21,1451.88,23.2,35.7
2006-07-24,1482.34,21.78,36.41
2006-07-25,1489.52,21.52,36.62
2006-07-26,1487.88,20.69,36.59
2006-07-27,1478.53,20.79,36.35
2006-07-28,1510.3,19.26,37.11
2006-07-31,1509.4301,20.33,37.1
2006-08-01,1484.9399,21.38,36.48
2006-08-02,1500.48,20.85,36.89
2006-08-03,1510.6,21.12,37.12
2006-08-04,1503.84,21.63,36.95
2006-08-07,1494.13,22.87,36.71
2006-08-08,1484.8,22.85,36.48
2006-08-09,1485.64,21.6,36.53
2006-08-10,1496.28,20.86,36.79
2006-08-11,1486.74,20.06,36.53
2006-08-14,1494.33,19.11,36.77
2006-08-15,1534.4301,18.49,37.7
2006-08-16,1570.0601,18.99,38.59
2006-08-17,1573.59,18.96,38.73
2006-08-18,1576.46,18.45,38.79
2006-08-21,1561.12,19.87,38.42
2006-08-22,1563.4301,19.96,38.43
2006-08-23,1550.41,20.61,38.14
2006-08-24,1555.1899,19.52,38.25
2006-08-25,1557.7,16.98,38.32
2006-08-28,1570.29,17.23,38.61
2006-08-29,1573.65,17.29,38.73
2006-08-30,1581.95,16.8,38.91
2006-08-31,1579.73,17.39,38.87
2006-09-01,1589.47,16.8,39.08
2006-09-05,1603.6899,18.35,39.46
2006-09-06,1572.2,20.19,38.67
2006-09-07,1564.84,20.37,38.49
2006-09-08,1574.71,19.82,38.72
2006-09-11,1583.78,19.71,38.96
2006-09-12,1615.75,18.26,39.68
2006-09-13,1623.99,17.59,39.95
2006-09-14,1625.98,17.49,39.99
2006-09-15,1632.4399,17.75,40.11
2006-09-18,1632.17,18.45,40.12
2006-09-19,1621.0699,18.26,39.85
2006-09-20,1645.35,18.45,40.43
2006-09-21,1634.87,18.2,40.18
2006-09-22,1622.37,18.35,39.87
2006-09-25,1650.37,17.72,40.57
2006-09-26,1659.2,17.66,40.77
2006-09-27,1655.67,17.41,40.72
2006-09-28,1661.59,17.02,40.83
2006-09-29,1654.13,17.68,40.65
2006-10-02,1632.8101,19.44,40.14
2006-10-03,1640.29,19.78,40.31
2006-10-04,1681.14,18.52,41.3
2006-10-05,1689.4301,18.15,41.5
2006-10-06,1684.88,18.03,41.41
2006-10-09,1691.08,18.28,41.55
2006-10-10,1693.29,18.86,41.62
2006-10-11,1691.28,18.51,41.54
2006-10-12,1718.54,17.64,42.2
2006-10-13,1727.21,17.83,42.43
2006-10-16,1727.61,18.45,42.47
2006-10-17,1709.61,18.88,42.0
2006-10-18,1700.75,18.09,41.8
2006-10-19,1706.37,16.93,41.9
2006-10-20,1709.58,16.7,42.0
2006-10-23,1725.9301,17.51,42.43
2006-10-24,1713.88,17.25,42.14
2006-10-25,1726.76,16.78,42.43
2006-10-26,1744.0699,16.59,42.82
2006-10-27,1717.61,17.41,42.21
2006-10-30,1727.8,17.99,42.48
2006-10-31,1732.54,17.3,42.58
2006-11-01,1707.65,17.98,42.0
2006-11-02,1710.17,18.12,42.04
2006-11-03,1703.98,17.23,41.93
2006-11-06,1732.26,17.39,42.54
2006-11-07,1741.53,17.51,42.83
2006-11-08,1749.75,16.39,43.03
2006-11-09,1740.14,16.66,42.83
2006-11-10,1751.11,15.52,43.03
2006-11-13,1768.0,16.2,43.47
2006-11-14,1787.23,15.36,43.93
2006-11-15,1793.8199,15.4,44.11
2006-11-16,1801.97,15.36,44.3
2006-11-17,1800.67,15.31,44.3
2006-11-20,1803.8101,15.13,44.39
2006-11-21,1808.88,15.05,44.45
2006-11-22,1819.76,14.95,44.73
2006-11-24,1815.53,15.59,44.65
2006-11-27,1775.17,17.6,43.64
2006-11-28,1780.34,17.33,43.77
2006-11-29,1792.77,16.78,44.07
2006-11-30,1791.25,16.53,44.04
2006-12-01,1775.12,16.6,43.66
2006-12-04,1799.9301,16.49,44.26
2006-12-05,1804.85,16.2,44.42
2006-12-06,1799.13,16.46,44.26
2006-12-07,1777.46,17.93,43.7
2006-12-08,1786.21,17.14,43.9
2006-12-11,1791.74,15.54,44.06
2006-12-12,1781.97,15.25,43.8
2006-12-13,1783.4399,14.9,43.88
2006-12-14,1803.41,14.09,44.37
2006-12-15,1808.5601,15.15,44.43
2006-12-18,1790.99,16.22,43.99
2006-12-19,1785.12,16.55,43.85
2006-12-20,1777.92,16.07,43.69
2006-12-21,1766.28,16.41,43.38
2006-12-22,1748.61,17.2,42.93
2006-12-26,1753.55,17.44,43.11
2006-12-27,1763.41,16.46,43.33
2006-12-28,1758.9399,16.32,43.12
2006-12-29,1756.9,16.23,43.16
2007-01-03,1759.37,17.5,43.24
2007-01-04,1792.91,16.99,44.06
2007-01-05,1785.3,17.9,43.85
2007-01-08,1787.14,18.35,43.88
2007-01-09,1795.63,17.89,44.1
2007-01-10,1816.15,17.25,44.62
2007-01-11,1834.86,17.02,45.08
2007-01-12,1844.8101,16.56,45.31
2007-01-16,1842.4399,17.28,45.28
2007-01-17,1827.6801,16.92,44.91
2007-01-18,1793.6801,17.63,44.08
2007-01-19,1796.8101,16.81,44.17
2007-01-22,1779.02,17.65,43.69
2007-01-23,1773.4,17.34,43.58
2007-01-24,1802.63,16.61,44.3
2007-01-25,1777.75,17.63,43.73
2007-01-26,1772.97,17.52,43.57
2007-01-29,1775.08,18.16,43.61
2007-01-30,1777.76,17.98,43.63
2007-01-31,1792.28,17.19,44.07
2007-02-01,1791.45,17.11,44.0
2007-02-02,1798.13,16.43,44.16
2007-02-05,1795.39,16.84,44.12
2007-02-06,1793.0601,16.61,44.06
2007-02-07,1810.95,16.17,44.46
2007-02-08,1810.54,16.14,44.45
2007-02-09,1785.53,17.11,43.88
2007-02-12,1778.42,17.34,43.71
2007-02-13,1783.8199,15.83,43.86
2007-02-14,1814.98,15.37,44.6
2007-02-15,1823.41,15.27,44.86
2007-02-16,1821.49,14.83,44.71
2007-02-20,1833.71,15.77,45.05
2007-02-21,1839.13,15.38,45.19
2007-02-22,1846.34,15.3,45.42
2007-02-23,1839.77,15.32,45.26
2007-02-26,1830.59,15.99,45.04
2007-02-27,1756.27,22.97,43.19
2007-02-28,1761.6,20.53,43.33
2007-03-01,1753.45,21.51,43.13
2007-03-02,1726.03,23.66,42.48
2007-03-05,1712.9399,24.61,42.15
2007-03-06,1743.1,21.19,42.85
2007-03-07,1736.1,20.56,42.68
2007-03-08,1746.4301,19.79,42.97
2007-03-09,1744.74,18.94,42.93
2007-03-12,1756.42,18.52,43.21
2007-03-13,1722.48,22.04,42.37
2007-03-14,1743.15,19.77,42.99
2007-03-15,1744.87,18.79,42.89
2007-03-16,1742.23,19.6,42.83
2007-03-19,1758.23,18.38,43.27
2007-03-20,1767.25,17.6,43.58
2007-03-21,1806.35,17.2,44.42
2007-03-22,1799.75,16.77,44.26
2007-03-23,1794.04,17.17,44.12
2007-03-26,1802.95,17.0,44.3
2007-03-27,1789.9301,17.2,43.99
2007-03-28,1770.54,18.56,43.52
2007-03-29,1771.72,18.53,43.57
2007-03-30,1772.36,18.24,43.53
2007-04-02,1773.33,18.6,43.59
2007-04-03,1796.3101,17.69,44.16
2007-04-04,1801.74,17.1,44.34
2007-04-05,1812.9399,16.75,44.56
2007-04-09,1808.1899,17.77,44.45
2007-04-10,1816.9301,17.02,44.68
2007-04-11,1798.09,17.74,44.21
2007-04-12,1813.49,17.42,44.56
2007-04-13,1816.85,16.84,44.65
2007-04-16,1833.96,16.44,45.06
2007-04-17,1834.91,16.08,45.16
2007-04-18,1832.39,16.29,45.01
2007-04-19,1832.47,16.3,45.15
2007-04-20,1845.89,15.71,45.4
2007-04-23,1850.1801,16.38,45.47
2007-04-24,1858.87,16.37,45.7
2007-04-25,1881.33,16.36,46.31
2007-04-26,1889.5699,15.97,46.55
2007-04-27,1891.0601,15.46,46.57
2007-04-30,1867.75,17.26,45.96
2007-05-01,1873.4301,16.94,45.92
2007-05-02,1889.73,16.7,46.42
2007-05-03,1895.64,16.6,46.59
2007-05-04,1895.7,16.59,46.63
2007-05-07,1895.96,16.98,46.63
2007-05-08,1899.83,17.06,46.73
2007-05-09,1905.65,16.29,46.83
2007-05-10,1875.2,17.38,46.19
2007-05-11,1898.79,16.09,46.78
2007-05-14,1888.08,16.83,46.46
2007-05-15,1871.79,17.09,46.1
2007-05-16,1891.5699,16.31,46.55
2007-05-17,1884.6801,16.75,46.33
2007-05-18,1896.9301,15.91,46.71
2007-05-21,1911.16,16.03,47.01
2007-05-22,1916.45,16.07,47.05
2007-05-23,1904.41,16.93,46.83
2007-05-24,1874.6,18.02,46.16
2007-05-25,1889.25,17.07,46.45
2007-05-29,1899.79,17.57,46.81
2007-05-30,1918.08,16.84,47.19
2007-05-31,1928.1899,16.86,47.41
2007-06-01,1928.26,16.58,47.44
2007-06-04,1933.73,16.59,47.58
2007-06-05,1932.35,16.44,47.58
2007-06-06,1914.85,17.2,47.07
2007-06-07,1882.17,19.3,46.34
2007-06-08,1906.26,17.12,46.91
2007-06-11,1901.96,16.29,46.82
2007-06-12,1890.67,17.7,46.54
2007-06-13,1913.87,15.81,47.05
2007-06-14,1924.54,15.43,47.36
2007-06-15,1942.41,15.94,47.76
2007-06-18,1944.37,15.86,47.77
2007-06-19,1941.75,15.53,47.76
2007-06-20,1922.12,16.68,47.31
2007-06-21,1941.3199,16.21,47.74
2007-06-22,1921.9399,17.29,47.29
2007-06-25,1912.9,18.07,47.09
2007-06-26,1908.64,19.59,46.82
2007-06-27,1933.0601,17.36,47.54
2007-06-28,1931.67,16.91,47.52
2007-06-29,1934.1,17.86,47.6
2007-07-02,1954.12,17.0,48.03
2007-07-03,1965.2,16.7,48.31
2007-07-05,1981.0601,17.09,48.66
2007-07-06,1988.3101,16.52,48.86
2007-07-09,1989.2,17.08,48.89
2007-07-10,1971.89,18.61,48.48
2007-07-11,1984.08,17.54,48.81
2007-07-12,2021.03,17.25,49.56
2007-07-13,2032.16,16.44,49.9
2007-07-16,2028.02,16.55,49.85
2007-07-17,2041.78,16.95,50.23
2007-07-18,2037.98,16.77,50.17
2007-07-19,2052.99,16.55,50.32
2007-07-20,2035.88,17.49,50.05
2007-07-23,2036.33,17.85,50.07
2007-07-24,2000.55,19.31,49.33
2007-07-25,2011.14,18.92,49.4
2007-07-26,1986.6,19.5,48.98
2007-07-27,1956.1899,23.18,47.99
2007-07-30,1973.9301,20.76,48.55
2007-07-31,1932.0601,23.55,47.53
2007-08-01,1945.08,23.78,47.9
2007-08-02,1966.6,21.24,48.34
2007-08-03,1918.5601,24.42,47.42
2007-08-06,1954.37,22.43,47.97
2007-08-07,1961.64,21.08,48.31
2007-08-08,1987.34,20.97,48.84
2007-08-09,1936.76,26.23,47.71
2007-08-10,1925.14,26.84,47.28
2007-08-13,1934.41,24.57,47.6
2007-08-14,1901.3199,24.97,46.79
2007-08-15,1864.92,27.97,45.9
2007-08-16,1846.09,29.03,45.45
2007-08-17,1888.78,27.04,46.31
2007-08-20,1893.05,25.2,46.53
2007-08-21,1910.99,23.67,47.02
2007-08-22,1936.77,22.0,47.66
2007-08-23,1931.88,22.03,47.53
2007-08-24,1961.38,20.69,48.2
2007-08-27,1947.49,22.63,47.88
2007-08-28,1899.24,25.9,46.74
2007-08-29,1954.85,23.61,48.08
2007-08-30,1963.75,25.38,48.33
2007-08-31,1988.73,24.53,48.87
2007-09-04,2020.51,24.51,49.68
2007-09-05,1994.38,27.15,49.18
2007-09-06,1998.67,26.64,49.14
2007-09-07,1958.35,29.22,48.23
2007-09-10,1960.2,29.94,48.2
2007-09-11,1988.98,27.52,48.93
2007-09-12,1988.96,28.02,48.94
2007-09-13,1998.63,27.44,49.18
2007-09-14,2000.8199,26.96,49.22
2007-09-17,1983.08,28.74,48.81
2007-09-18,2035.37,23.28,50.04
2007-09-19,2041.36,22.51,50.17
2007-09-20,2032.61,21.97,50.03
2007-09-21,2049.48,20.71,50.36
2007-09-24,2057.25,20.83,50.59
2007-09-25,2076.8301,20.8,51.07
2007-09-26,2088.3799,20.59,51.32
2007-09-27,2096.3899,20.59,51.58
2007-09-28,2091.1101,21.01,51.41
2007-10-01,2116.97,21.09,52.0
2007-10-02,2115.8899,21.26,52.01
2007-10-03,2103.01,21.55,51.65
2007-10-04,2105.5601,21.46,51.77
2007-10-05,2149.6699,19.77,52.82
2007-10-08,2163.26,20.25,53.15
2007-10-09,2171.21,19.42,53.38
2007-10-10,2176.98,19.73,53.51
2007-10-11,2140.9199,22.42,52.66
2007-10-12,2177.99,21.2,53.53
2007-10-15,2158.9199,23.46,53.12
2007-10-16,2151.1399,23.56,52.87
2007-10-17,2179.1399,22.02,53.55
2007-10-18,2187.52,22.14,53.78
2007-10-19,2131.0801,25.94,52.44
2007-10-22,2157.45,25.26,53.07
2007-10-23,2205.1799,24.13,54.18
2007-10-24,2188.5901,24.8,53.77
2007-10-25,2161.52,25.77,53.05
2007-10-26,2194.5901,25.01,53.93
2007-10-29,2203.4199,25.83,54.15
2007-10-30,2207.6101,26.36,54.26
2007-10-31,2238.98,23.11,55.03
2007-11-01,2197.0701,26.26,54.0
2007-11-02,2213.8601,24.83,54.42
2007-11-05,2200.48,26.1,54.07
2007-11-06,2223.97,23.91,54.68
2007-11-07,2169.4299,27.14,53.35
2007-11-08,2106.1599,29.61,51.73
2007-11-09,2034.3,32.52,50.0
2007-11-12,1982.16,34.94,48.73
2007-11-13,2066.0801,29.71,50.74
2007-11-14,2038.05,31.32,50.09
2007-11-15,2024.03,32.91,49.82
2007-11-16,2048.6201,28.79,50.28
2007-11-19,2021.14,30.11,49.7
2007-11-20,2029.9399,29.89,49.9
2007-11-21,2006.38,30.55,49.31
2007-11-23,2028.9,30.49,49.84
2007-11-26,1989.36,33.43,48.98
2007-11-27,2033.76,30.76,49.96
2007-11-28,2095.3899,28.83,51.48
2007-11-29,2102.4199,28.27,51.7
2007-11-30,2089.1001,28.65,51.31
2007-12-03,2067.45,29.63,50.88
2007-12-04,2059.0601,28.85,50.67
2007-12-05,2099.3101,26.91,51.58
2007-12-06,2127.6499,24.89,52.32
2007-12-07,2130.0,23.75,52.33
2007-12-10,2134.8799,24.39,52.54
2007-12-11,2083.72,26.46,51.32
2007-12-12,2101.3601,25.97,51.78
2007-12-13,2094.6799,25.52,51.5
2007-12-14,2072.1101,25.91,50.97
2007-12-17,2020.8,27.89,49.73
2007-12-18,2029.49,26.79,49.89
2007-12-19,2031.0,24.88,49.88
2007-12-20,2069.6799,23.15,50.9
2007-12-21,2111.77,20.9,51.85
2007-12-24,2128.6201,21.42,52.24
2007-12-26,2136.9399,21.32,52.5
2007-12-27,2106.0901,22.46,51.87
2007-12-28,2107.05,23.63,51.82
2007-12-31,2084.9299,25.9,51.22
2008-01-02,2049.71,27.14,50.41
2008-01-03,2051.76,26.59,50.62
2008-01-04,1963.52,28.62,48.4
2008-01-07,1957.4399,29.39,48.17
2008-01-08,1910.33,30.77,46.92
2008-01-09,1949.2,28.18,47.92
2008-01-10,1953.64,27.78,47.99
2008-01-11,1912.8101,28.82,47.05
2008-01-14,1949.15,28.08,47.87
2008-01-15,1894.09,27.48,46.55
2008-01-16,1872.29,28.87,46.05
2008-01-17,1842.1,31.16,45.41
2008-01-18,1844.09,30.23,45.35
2008-01-22,1795.61,35.63,44.18
2008-01-23,1789.53,34.02,44.01
2008-01-24,1826.92,32.22,44.91
2008-01-25,1789.17,33.81,43.99
2008-01-28,1805.08,32.56,44.33
2008-01-29,1807.67,32.85,44.41
2008-01-30,1808.51,31.8,44.37
2008-01-31,1841.42,31.08,45.13
2008-02-01,1855.27,28.25,45.59
2008-02-04,1828.8,30.46,44.95
2008-02-05,1773.49,32.44,43.67
2008-02-06,1740.95,32.68,42.81
2008-02-07,1753.3,31.56,43.11
2008-02-08,1773.74,30.08,43.6
2008-02-11,1793.09,29.09,44.07
2008-02-12,1780.54,28.22,43.82
2008-02-13,1823.0,25.35,44.78
2008-02-14,1787.59,26.52,43.97
2008-02-15,1780.38,26.69,43.82
2008-02-19,1764.8101,27.99,43.74
2008-02-20,1787.45,27.09,43.94
2008-02-21,1766.3,26.92,43.52
2008-02-22,1773.4399,26.3,43.68
2008-02-25,1785.46,26.67,43.9
2008-02-26,1791.3101,25.95,44.07
2008-02-27,1799.9399,25.06,44.29
2008-02-28,1794.46,26.6,44.12
2008-02-29,1745.27,28.44,42.95
2008-03-03,1733.27,29.47,42.67
2008-03-04,1743.7,28.26,42.91
2008-03-05,1753.5699,27.52,43.12
2008-03-06,1712.5,29.99,42.17
2008-03-07,1707.5,29.25,42.07
2008-03-10,1673.03,31.38,41.26
2008-03-11,1740.95,28.56,42.83
2008-03-12,1735.1801,30.05,42.71
2008-03-13,1750.4,29.86,43.04
2008-03-14,1713.83,32.01,42.25
2008-03-17,1687.1899,32.99,41.48
2008-03-18,1761.05,28.45,43.33
2008-03-19,1715.59,31.28,42.26
2008-03-20,1751.99,29.05,43.09
2008-03-24,1814.4,28.69,44.58
2008-03-25,1824.54,29.07,44.83
2008-03-26,1817.28,29.75,44.7
2008-03-27,1777.89,29.55,43.71
2008-03-28,1767.5699,28.87,43.49
2008-03-31,1781.9301,29.04,43.72
2008-04-01,1855.48,26.56,45.59
2008-04-02,1848.8,27.27,45.49
2008-04-03,1855.1899,26.93,45.59
2008-04-04,1865.87,25.6,45.86
2008-04-07,1860.83,26.19,45.76
2008-04-08,1846.14,26.03,45.41
2008-04-09,1826.1899,26.61,44.9
2008-04-10,1852.97,25.77,45.54
2008-04-11,1798.72,27.54,44.28
2008-04-14,1790.9301,28.28,44.08
2008-04-15,1794.73,27.46,44.14
2008-04-16,1846.89,25.55,45.37
2008-04-17,1840.88,24.2,45.27
2008-04-18,1900.28,23.58,46.71
2008-04-21,1913.12,24.09,47.04
2008-04-22,1881.65,24.54,46.34
2008-04-23,1906.66,25.06,46.85
2008-04-24,1924.58,23.72,47.27
2008-04-25,1918.58,23.34,47.15
2008-04-28,1923.26,23.65,47.24
2008-04-29,1933.6,23.87,47.6
2008-04-30,1917.7,24.41,47.21
2008-05-01,1980.4399,22.72,48.7
2008-05-02,1981.87,21.39,48.77
2008-05-05,1975.8199,22.43,48.63
2008-05-06,1990.61,21.88,48.93
2008-05-07,1951.42,23.51,48.04
2008-05-08,1966.86,23.18,48.4
2008-05-09,1960.29,23.48,48.21
2008-05-12,1997.02,22.46,49.09
2008-05-13,2000.61,21.5,49.22
2008-05-14,1997.3,21.47,49.11
2008-05-15,2031.34,20.13,49.97
2008-05-16,2031.27,20.0,50.01
2008-05-19,2016.6,21.09,49.65
2008-05-20,2000.67,21.37,49.27
2008-05-21,1956.8,22.96,48.18
2008-05-22,1964.92,22.49,48.35
2008-05-23,1958.96,23.36,48.2
2008-05-27,1995.4399,22.99,49.05
2008-05-28,2000.0699,22.24,49.25
2008-05-29,2019.02,21.28,49.69
2008-05-30,2032.5699,20.85,50.01
2008-06-02,2006.84,22.88,49.4
2008-06-03,1996.79,23.89,49.13
2008-06-04,2021.45,24.01,49.76
2008-06-05,2055.1101,22.85,50.55
2008-06-06,1990.39,26.04,49.03
2008-06-09,1979.71,26.7,48.77
2008-06-10,1972.54,26.58,48.54
2008-06-11,1924.33,27.32,47.37
2008-06-12,1924.26,27.4,47.42
2008-06-13,1966.01,25.3,48.37
2008-06-16,1984.76,25.02,48.8
2008-06-17,1972.8199,24.7,48.54
2008-06-18,1951.1,25.8,48.02
2008-06-19,1982.6899,24.8,48.77
2008-06-20,1928.39,26.75,47.42
2008-06-23,1913.3101,27.53,47.05
2008-06-24,1903.74,28.14,46.81
2008-06-25,1933.86,26.39,47.57
2008-06-26,1855.39,29.06,45.65
2008-06-27,1855.72,28.67,45.65
2008-06-30,1837.09,29.76,45.17
2008-07-01,1862.71,28.73,45.81
2008-07-02,1816.15,30.92,44.71
2008-07-03,1816.35,29.86,44.63
2008-07-07,1826.9301,30.38,44.9
2008-07-08,1871.28,28.43,45.97
2008-07-09,1819.1801,30.27,44.75
2008-07-10,1839.5699,30.45,45.28
2008-07-11,1810.88,31.67,44.56
2008-07-14,1798.03,33.2,44.23
2008-07-15,1798.35,33.01,44.24
2008-07-16,1843.87,30.13,45.34
2008-07-17,1853.47,29.87,45.64
2008-07-18,1823.23,30.49,44.59
2008-07-21,1819.76,29.69,44.78
2008-07-22,1821.62,27.09,44.78
2008-07-23,1845.5601,27.44,45.37
2008-07-24,1816.98,27.83,44.69
2008-07-25,1846.55,26.63,45.27
2008-07-28,1802.99,27.74,44.42
2008-07-29,1845.55,26.15,45.34
2008-07-30,1852.8,25.54,45.57
2008-07-31,1849.15,26.24,45.46
2008-08-01,1826.5601,25.97,44.88
2008-08-04,1804.84,27.56,44.43
2008-08-05,1869.76,25.65,45.93
2008-08-06,1895.21,24.35,46.63
2008-08-07,1880.09,24.75,46.27
2008-08-08,1926.23,24.24,47.32
2008-08-11,1941.23,24.19,47.75
2008-08-12,1941.0699,24.51,47.8
2008-08-13,1942.02,24.57,47.7
2008-08-14,1964.38,22.6,48.25
2008-08-15,1957.5601,22.52,48.16
2008-08-18,1932.7,23.59,47.6
2008-08-19,1908.6801,24.21,47.01
2008-08-20,1913.02,23.53,47.09
2008-08-21,1906.74,23.15,46.87
2008-08-22,1931.47,22.38,47.49
2008-08-25,1889.72,24.28,46.49
2008-08-26,1886.3199,24.03,46.43
2008-08-27,1900.3,23.34,46.73
2008-08-28,1915.12,23.15,47.11
2008-08-29,1872.54,24.02,46.12
2008-09-02,1850.14,26.15,45.55
2008-09-03,1833.09,25.74,45.12
2008-09-04,1774.78,27.56,43.66
2008-09-05,1768.23,26.66,43.45
2008-09-08,1762.95,27.42,43.37
2008-09-09,1721.55,28.63,42.45
2008-09-10,1738.0699,27.76,42.8
2008-09-11,1773.65,27.31,43.6
2008-09-12,1767.13,28.21,43.43
2008-09-15,1705.46,32.13,42.08
2008-09-16,1724.08,31.0,42.41
2008-09-17,1632.45,35.88,40.21
2008-09-18,1697.42,32.82,41.57
2008-09-19,1745.0601,34.26,42.9
2008-09-22,1665.9399,35.46,40.88
2008-09-23,1648.4,36.52,40.57
2008-09-24,1661.33,36.4,40.85
2008-09-25,1687.55,34.86,41.5
2008-09-26,1672.04,36.85,41.08
2008-09-29,1496.15,49.56,37.82
2008-09-30,1594.63,42.58,38.91
2008-10-01,1563.8,42.92,38.5
2008-10-02,1491.11,49.53,36.75
2008-10-03,1470.84,49.76,36.18
2008-10-06,1411.28,55.36,34.86
2008-10-07,1329.98,58.51,32.65
2008-10-08,1330.61,63.27,32.39
2008-10-09,1275.1,69.66,31.52
2008-10-10,1269.8,71.58,31.32
2008-10-13,1429.54,60.27,35.13
2008-10-14,1364.59,62.77,33.61
2008-10-15,1244.23,72.93,30.6
2008-10-16,1312.97,72.39,32.26
2008-10-17,1311.72,71.26,32.3
2008-10-20,1352.76,59.65,33.2
2008-10-21,1283.4301,60.07,31.48
2008-10-22,1237.09,63.21,30.61
2008-10-23,1239.16,69.84,30.49
2008-10-24,1202.27,78.82,29.51
2008-10-27,1169.78,79.16,28.69
2008-10-28,1297.5699,66.2,31.86
2008-10-29,1302.12,69.13,31.78
2008-10-30,1333.9399,63.19,32.84
2008-10-31,1334.78,60.3,32.89
2008-11-03,1334.75,56.22,32.82
2008-11-04,1378.4,51.25,33.75
2008-11-05,1299.98,55.43,31.99
2008-11-06,1241.97,62.7,30.56
2008-11-07,1271.62,55.14,31.19
2008-11-10,1251.0,58.44,30.77
2008-11-11,1225.59,60.83,30.1
2008-11-12,1165.38,64.64,28.71
2008-11-13,1240.9301,58.03,30.46
2008-11-14,1179.63,66.05,28.98
2008-11-17,1151.96,68.6,28.37
2008-11-18,1155.75,68.31,28.34
2008-11-19,1087.6,74.66,26.86
2008-11-20,1036.51,80.64,25.56
2008-11-21,1085.5699,71.2,26.67
2008-11-24,1154.34,62.92,28.3
2008-11-25,1142.58,59.71,28.17
2008-11-26,1193.09,55.26,29.35
2008-11-28,1185.75,56.05,29.12
2008-12-01,1091.16,66.35,26.93
2008-12-02,1130.0,62.48,27.83
2008-12-03,1166.2,61.74,28.62
2008-12-04,1127.75,62.59,27.81
2008-12-05,1177.87,58.96,28.94
2008-12-08,1225.0601,57.17,30.08
2008-12-09,1212.45,56.59,30.01
2008-12-10,1222.38,53.82,29.91
2008-12-11,1180.46,52.06,29.09
2008-12-12,1206.65,51.91,29.68
2008-12-15,1181.87,54.71,29.16
2008-12-16,1243.49,50.22,30.56
2008-12-17,1225.86,48.04,30.19
2008-12-18,1204.6899,46.03,29.66
2008-12-19,1217.1899,43.5,29.86
2008-12-22,1189.15,41.91,29.21
2008-12-23,1183.1899,43.29,29.06
2008-12-24,1184.3,43.31,29.14
2008-12-26,1185.4399,43.15,29.13
2008-12-29,1173.15,43.69,28.89
2008-12-30,1201.34,41.67,29.49
2008-12-31,1211.65,40.79,29.74
2009-01-02,1263.7,39.11,31.03
2009-01-05,1262.52,39.07,31.02
2009-01-06,1274.49,39.71,31.33
2009-01-07,1238.6,43.52,30.44
2009-01-08,1252.52,43.23,30.76
2009-01-09,1223.01,43.84,30.07
2009-01-12,1201.13,44.46,29.52
2009-01-13,1202.65,43.11,29.53
2009-01-14,1163.42,47.8,28.63
2009-01-15,1183.52,48.33,29.1
2009-01-16,1198.14,44.19,29.42
2009-01-20,1136.61,54.45,27.96
2009-01-21,1185.76,47.35,29.15
2009-01-22,1168.08,45.83,28.76
2009-01-23,1175.89,46.6,28.9
2009-01-26,1184.5601,45.0,29.11
2009-01-27,1194.41,43.1,29.32
2009-01-28,1235.91,39.17,30.35
2009-01-29,1203.85,42.58,29.58
2009-01-30,1180.25,44.93,29.06
2009-02-02,1195.75,46.47,29.41
2009-02-03,1215.66,42.88,29.87
2009-02-04,1215.4301,42.82,29.91
2009-02-05,1245.11,43.3,30.57
2009-02-06,1277.49,41.95,31.37
2009-02-09,1281.65,43.51,31.5
2009-02-10,1229.29,45.86,30.34
2009-02-11,1227.05,44.58,30.2
2009-02-12,1242.8101,41.99,30.57
2009-02-13,1236.85,43.11,30.43
2009-02-17,1187.04,47.5,29.22
2009-02-18,1188.77,46.68,29.24
2009-02-19,1167.89,45.2,28.79
2009-02-20,1172.71,47.18,28.87
2009-02-23,1128.97,50.06,27.86
2009-02-24,1171.45,44.05,28.78
2009-02-25,1160.83,43.95,28.59
2009-02-26,1127.1,43.87,27.79
2009-02-27,1116.99,45.28,27.53
2009-03-02,1076.67,50.92,26.64
2009-03-03,1080.67,49.36,26.62
2009-03-04,1110.3,45.66,27.33
2009-03-05,1074.52,48.08,26.51
2009-03-06,1064.7,47.99,26.3
2009-03-09,1043.87,48.76,25.74
2009-03-10,1112.4399,43.83,27.33
2009-03-11,1125.95,42.81,27.75
2009-03-12,1164.71,40.77,28.67
2009-03-13,1168.52,41.25,28.74
2009-03-16,1145.45,43.54,28.26
2009-03-17,1192.17,40.36,29.33
2009-03-18,1206.96,39.8,29.7
2009-03-19,1204.21,42.46,29.68
2009-03-20,1187.1801,44.66,29.18
2009-03-23,1259.8101,42.01,30.9
2009-03-24,1234.34,42.17,30.33
2009-03-25,1236.66,41.35,30.47
2009-03-26,1281.3,40.58,31.41
2009-03-27,1251.47,41.45,30.82
2009-03-30,1220.8101,44.87,30.06
2009-03-31,1237.01,44.2,30.32
2009-04-01,1252.51,42.48,30.77
2009-04-02,1294.3,42.29,31.76
2009-04-03,1316.16,40.6,32.35
2009-04-06,1313.1,41.56,32.27
2009-04-07,1275.42,41.07,31.42
2009-04-08,1300.75,40.5,31.95
2009-04-09,1340.28,38.23,32.94
2009-04-13,1336.67,39.34,32.89
2009-04-14,1322.3101,39.43,32.49
2009-04-15,1316.51,38.31,32.4
2009-04-16,1352.98,36.8,33.24
2009-04-17,1353.92,35.29,33.31
2009-04-20,1309.37,39.71,32.24
2009-04-21,1329.0601,38.44,32.69
2009-04-22,1335.72,39.24,32.79
2009-04-23,1344.41,37.95,33.11
2009-04-24,1373.28,36.8,33.69
2009-04-27,1369.9399,38.79,33.73
2009-04-28,1361.92,38.53,33.48
2009-04-29,1382.38,36.96,33.94
2009-04-30,1394.33,36.64,34.28
2009-05-01,1396.62,35.05,34.37
2009-05-04,1427.96,35.05,35.05
2009-05-05,1423.8101,33.42,35.02
2009-05-06,1423.85,33.28,35.03
2009-05-07,1389.83,34.47,34.21
2009-05-08,1394.16,33.67,34.23
2009-05-11,1395.79,34.29,34.35
2009-05-12,1377.4,33.09,33.93
2009-05-13,1339.83,34.98,33.02
2009-05-14,1359.67,32.64,33.39
2009-05-15,1355.11,33.14,33.37
2009-05-18,1392.73,30.22,34.24
2009-05-19,1398.05,29.56,34.4
2009-05-20,1393.72,29.9,34.28
2009-05-21,1367.39,31.2,33.65
2009-05-22,1363.17,31.87,33.54
2009-05-26,1412.61,31.23,34.79
2009-05-27,1401.88,32.16,34.55
2009-05-28,1420.3101,31.52,34.95
2009-05-29,1435.5699,29.44,35.38
2009-06-01,1477.12,30.72,36.39
2009-06-02,1480.3101,30.61,36.44
2009-06-03,1475.4399,31.45,36.33
2009-06-04,1492.74,31.06,36.74
2009-06-05,1493.21,30.71,36.78
2009-06-08,1488.49,31.18,36.67
2009-06-09,1501.55,29.69,36.95
2009-06-10,1495.27,29.77,36.82
2009-06-11,1497.01,29.73,36.82
2009-06-12,1489.97,29.21,36.65
2009-06-15,1456.96,32.54,35.9
2009-06-16,1443.25,32.32,35.55
2009-06-17,1455.89,31.47,35.89
2009-06-18,1453.8,30.03,35.82
2009-06-19,1471.23,28.3,36.16
2009-06-22,1426.61,31.41,35.08
2009-06-23,1424.46,30.69,35.0
2009-06-24,1447.0601,29.03,35.59
2009-06-25,1475.8199,27.25,36.29
2009-06-26,1480.2,26.53,36.37
2009-06-29,1483.83,26.47,36.45
2009-06-30,1477.25,26.69,36.38
2009-07-01,1481.34,26.86,36.4
2009-07-02,1446.28,28.07,35.6
2009-07-06,1441.01,29.25,35.41
2009-07-07,1404.78,31.2,34.53
2009-07-08,1411.53,31.07,34.71
2009-07-09,1414.98,30.0,34.77
2009-07-10,1419.84,29.33,34.92
2009-07-13,1447.7,26.61,35.59
2009-07-14,1452.84,26.03,35.72
2009-07-15,1500.98,25.28,36.92
2009-07-16,1518.87,24.8,37.36
2009-07-17,1527.26,24.28,37.56
2009-07-20,1544.0,24.79,37.92
2009-07-21,1553.01,24.68,38.18
2009-07-22,1565.0,24.99,38.5
2009-07-23,1601.52,25.87,39.35
2009-07-24,1599.0601,24.67,39.05
2009-07-27,1599.3101,25.65,39.35
2009-07-28,1605.47,25.35,39.08
2009-07-29,1599.61,26.22,39.34
2009-07-30,1609.87,26.63,39.57
2009-07-31,1603.36,26.16,39.45
2009-08-03,1628.12,26.28,40.04
2009-08-04,1628.49,25.17,40.04
2009-08-05,1614.4399,25.5,39.73
2009-08-06,1600.29,26.36,39.38
2009-08-07,1619.49,25.02,39.88
2009-08-10,1610.4301,25.66,39.6
2009-08-11,1594.6899,26.11,39.26
2009-08-12,1619.59,25.68,39.87
2009-08-13,1628.65,25.09,40.09
2009-08-14,1611.58,25.24,39.63
2009-08-17,1564.89,27.59,38.48
2009-08-18,1586.5,26.18,39.03
2009-08-19,1596.61,26.21,39.3
2009-08-20,1614.22,24.97,39.76
2009-08-21,1637.78,24.69,40.29
2009-08-24,1634.78,25.27,40.25
2009-08-25,1639.9,25.13,40.37
2009-08-26,1637.0,25.6,40.3
2009-08-27,1640.97,25.01,40.4
2009-08-28,1643.24,24.93,40.44
2009-08-31,1625.1899,27.17,40.03
2009-09-01,1595.84,29.31,39.28
2009-09-02,1594.28,29.38,39.25
2009-09-03,1605.98,28.1,39.51
2009-09-04,1638.0699,25.85,40.36
2009-09-08,1654.8101,26.43,40.74
2009-09-09,1669.23,25.77,41.09
2009-09-10,1686.16,24.83,41.48
2009-09-11,1685.46,25.29,41.52
2009-09-14,1693.76,24.93,41.68
2009-09-15,1699.53,24.61,41.81
2009-09-16,1723.73,24.02,42.42
2009-09-17,1721.09,24.26,42.41
2009-09-18,1725.24,24.69,42.44
2009-09-21,1731.58,24.92,42.57
2009-09-22,1734.09,24.08,42.65
2009-09-23,1724.27,24.47,42.45
2009-09-24,1709.76,25.9,42.07
2009-09-25,1694.15,25.77,41.7
2009-09-28,1724.59,26.21,42.41
2009-09-29,1717.67,26.11,42.22
2009-09-30,1718.99,26.5,42.25
2009-10-01,1666.41,28.95,41.0
2009-10-02,1662.49,29.02,40.88
2009-10-05,1675.64,28.23,41.21
2009-10-06,1705.25,26.87,41.94
2009-10-07,1710.45,25.88,42.06
2009-10-08,1717.79,25.68,42.24
2009-10-09,1727.76,24.18,42.48
2009-10-12,1729.63,23.78,42.57
2009-10-13,1730.27,23.84,42.58
2009-10-14,1754.26,23.51,43.16
2009-10-15,1753.36,22.51,43.06
2009-10-16,1739.3199,22.22,42.78
2009-10-19,1756.6801,22.11,43.21
2009-10-20,1756.1899,21.62,43.22
2009-10-21,1753.5601,23.14,43.14
2009-10-22,1763.15,21.58,43.31
2009-10-23,1753.63,22.62,43.13
2009-10-26,1746.75,24.52,42.99
2009-10-27,1722.46,25.4,42.34
2009-10-28,1682.0601,28.27,41.39
2009-10-29,1711.27,25.4,42.09
2009-10-30,1667.13,29.81,40.96
2009-11-02,1672.91,29.88,41.13
2009-11-03,1679.2,28.88,41.26
2009-11-04,1680.67,27.89,41.33
2009-11-05,1721.09,25.84,42.35
2009-11-06,1730.76,24.6,42.6
2009-11-09,1768.4,23.55,43.51
2009-11-10,1773.17,23.39,43.62
2009-11-11,1782.95,23.06,43.9
2009-11-12,1773.14,24.05,43.65
2009-11-13,1788.61,22.92,44.01
2009-11-16,1807.5601,23.13,44.46
2009-11-17,1812.21,22.14,44.6
2009-11-18,1801.74,22.03,44.35
2009-11-19,1773.1899,23.3,43.66
2009-11-20,1764.39,22.49,43.44
2009-11-23,1792.9399,22.03,44.14
2009-11-24,1786.25,21.5,43.99
2009-11-25,1793.67,21.32,44.18
2009-11-27,1765.46,25.41,43.51
2009-11-30,1767.4301,24.73,43.56
2009-12-01,1787.71,23.28,44.01
2009-12-02,1790.8199,22.58,44.07
2009-12-03,1782.91,24.0,43.89
2009-12-04,1791.91,23.1,44.12
2009-12-07,1783.65,23.69,43.91
2009-12-08,1772.73,24.8,43.64
2009-12-09,1789.7,23.28,44.08
2009-12-10,1799.37,23.13,44.3
2009-12-11,1792.0601,22.38,44.13
2009-12-14,1809.09,22.03,44.55
2009-12-15,1798.21,22.46,44.3
2009-12-16,1800.8199,21.95,44.36
2009-12-17,1778.27,22.84,43.82
2009-12-18,1807.36,21.78,44.46
2009-12-21,1828.79,20.82,44.96
2009-12-22,1839.51,19.7,45.23
2009-12-23,1851.99,19.67,45.56
2009-12-24,1869.84,19.47,45.98
2009-12-28,1878.1801,20.45,46.22
2009-12-29,1872.02,20.43,46.03
2009-12-30,1878.65,20.52,46.17
2009-12-31,1860.3101,21.65,45.75
2010-01-04,1886.7,21.2,46.42
2010-01-05,1888.4301,20.5,46.42
2010-01-06,1878.42,20.21,46.14
2010-01-07,1876.72,19.99,46.17
2010-01-08,1892.59,18.92,46.55
2010-01-11,1886.24,18.47,46.36
2010-01-12,1861.79,19.29,45.78
2010-01-13,1886.13,18.4,46.35
2010-01-14,1886.52,18.2,46.39
2010-01-15,1864.52,18.73,45.85
2010-01-19,1895.48,18.74,46.59
2010-01-20,1867.95,20.01,45.92
2010-01-21,1850.5699,23.19,45.49
2010-01-22,1794.8199,28.37,44.16
2010-01-25,1802.39,27.04,44.31
2010-01-26,1803.86,25.47,44.35
2010-01-27,1818.9,24.21,44.7
2010-01-28,1771.1,24.91,43.55
2010-01-29,1741.04,25.8,42.79
2010-02-01,1760.72,24.33,43.26
2010-02-02,1776.92,23.01,43.65
2010-02-03,1784.7,22.34,43.89
2010-02-04,1732.99,25.99,42.62
2010-02-05,1746.12,25.96,42.98
2010-02-08,1734.88,26.92,42.67
2010-02-09,1753.84,25.58,43.11
2010-02-10,1749.76,25.23,43.02
2010-02-11,1775.74,23.43,43.67
2010-02-12,1779.11,22.97,43.76
2010-02-16,1802.0601,21.92,44.32
2010-02-17,1810.86,21.4,44.57
2010-02-18,1823.39,20.65,44.85
2010-02-19,1823.3199,20.81,44.83
2010-02-22,1817.63,20.43,44.74
2010-02-23,1793.8199,21.55,44.16
2010-02-24,1812.51,20.63,44.61
2010-02-25,1812.91,20.52,44.6
2010-02-26,1818.6801,19.78,44.76
2010-03-01,1846.4,19.59,45.41
2010-03-02,1851.21,19.51,45.55
2010-03-03,1851.5699,19.35,45.6
2010-03-04,1859.72,19.1,45.75
2010-03-05,1888.5601,17.92,46.44
2010-03-08,1890.89,18.67,46.53
2010-03-09,1901.38,18.76,46.79
2010-03-10,1917.35,19.08,47.17
2010-03-11,1923.8101,19.09,47.35
2010-03-12,1924.4301,19.14,47.36
2010-03-15,1920.09,19.05,47.24
2010-03-16,1932.24,18.31,47.54
2010-03-17,1936.22,17.56,47.67
2010-03-18,1943.9399,17.24,47.83
2010-03-19,1932.4301,17.87,47.49
2010-03-22,1949.59,18.03,47.92
2010-03-23,1963.2,17.43,48.25
2010-03-24,1951.84,18.01,48.02
2010-03-25,1949.15,18.82,47.95
2010-03-26,1952.63,18.67,48.0
2010-03-29,1961.22,18.6,48.23
2010-03-30,1967.96,18.23,48.39
2010-03-31,1958.34,18.32,48.16
2010-04-01,1959.5601,18.76,48.16
2010-04-05,1977.83,18.52,48.61
2010-04-06,1981.95,17.83,48.75
2010-04-07,1977.3,17.7,48.63
2010-04-08,1980.73,17.29,48.74
2010-04-09,1994.4301,16.54,49.03
2010-04-12,1995.65,16.37,49.07
2010-04-13,2003.8101,15.97,49.32
2010-04-14,2028.8199,16.02,49.91
2010-04-15,2038.64,16.54,50.13
2010-04-16,2012.84,17.78,49.53
2010-04-19,2013.53,17.89,49.5
2010-04-20,2023.6,16.43,49.75
2010-04-21,2034.53,16.3,50.03
2010-04-22,2045.16,16.83,50.31
2010-04-23,2055.3301,16.6,50.52
2010-04-26,2049.0901,17.81,50.41
2010-04-27,2006.25,21.3,49.34
2010-04-28,2007.59,20.51,49.37
2010-04-29,2042.89,18.96,50.23
2010-04-30,2000.63,22.06,49.24
2010-05-03,2031.6,21.16,49.93
2010-05-04,1968.97,26.09,48.43
2010-05-05,1958.26,26.32,48.18
2010-05-06,1893.75,31.25,46.57
2010-05-07,1849.4399,41.52,45.41
2010-05-10,1942.61,30.36,47.77
2010-05-11,1940.48,29.59,47.72
2010-05-12,1975.58,27.0,48.62
2010-05-13,1945.52,28.05,47.85
2010-05-14,1907.1,31.55,46.93
2010-05-17,1915.45,31.78,47.08
2010-05-18,1887.0601,35.48,46.43
2010-05-19,1873.42,37.79,46.06
2010-05-20,1800.12,46.63,44.35
2010-05-21,1822.77,42.81,44.84
2010-05-24,1815.28,39.84,44.66
2010-05-25,1815.6801,36.28,44.7
2010-05-26,1796.47,36.32,44.2
2010-05-27,1862.71,30.3,45.87
2010-05-28,1852.39,31.61,45.6
2010-06-01,1835.04,36.23,45.18
2010-06-02,1879.59,31.0,46.25
2010-06-03,1895.66,29.38,46.69
2010-06-04,1832.04,34.16,45.09
2010-06-07,1798.16,37.29,44.27
2010-06-08,1795.7,35.22,44.19
2010-06-09,1778.92,34.82,43.82
2010-06-10,1830.09,31.3,45.07
2010-06-11,1847.15,28.8,45.5
2010-06-14,1845.48,28.94,45.49
2010-06-15,1897.48,26.37,46.71
2010-06-16,1905.3101,25.92,46.9
2010-06-17,1910.65,25.15,47.05
2010-06-18,1913.48,24.15,47.0
2010-06-21,1895.84,25.57,46.6
2010-06-22,1880.54,26.83,46.24
2010-06-23,1874.42,26.57,46.05
2010-06-24,1844.59,29.09,45.35
2010-06-25,1838.52,28.58,45.27
2010-06-28,1836.0,29.37,45.11
2010-06-29,1764.0601,35.02,43.37
2010-06-30,1739.14,35.14,42.71
2010-07-01,1734.41,34.56,42.59
2010-07-02,1728.34,32.19,42.47
2010-07-06,1734.6801,31.65,42.6
2010-07-07,1789.72,28.06,43.96
2010-07-08,1798.3101,27.05,44.2
2010-07-09,1814.79,25.99,44.62
2010-07-12,1821.03,25.5,44.75
2010-07-13,1845.03,25.37,45.33
2010-07-14,1853.41,25.96,45.56
2010-07-15,1856.24,26.57,45.6
2010-07-16,1803.48,26.87,44.34
2010-07-19,1819.28,27.25,44.72
2010-07-20,1840.67,25.21,45.26
2010-07-21,1817.3,26.7,44.64
2010-07-22,1863.1,25.22,45.77
2010-07-23,1875.38,24.16,46.06
2010-07-26,1890.4,24.11,46.44
2010-07-27,1888.8101,24.33,46.42
2010-07-28,1872.62,25.03,46.05
2010-07-29,1860.3,25.18,45.71
2010-07-30,1864.0,24.52,45.81
2010-08-02,1898.99,23.48,46.67
2010-08-03,1891.8101,23.61,46.47
2010-08-04,1909.2,23.22,46.94
2010-08-05,1904.95,23.27,46.83
2010-08-06,1902.88,22.84,46.76
2010-08-09,1915.17,22.97,47.08
2010-08-10,1899.24,23.56,46.67
2010-08-11,1845.38,26.9,45.4
2010-08-12,1832.17,27.63,45.04
2010-08-13,1818.8,28.07,44.72
2010-08-16,1821.51,27.08,44.8
2010-08-17,1845.37,25.92,45.37
2010-08-18,1850.8,25.98,45.55
2010-08-19,1823.0,26.9,44.86
2010-08-20,1825.75,25.76,44.92
2010-08-23,1808.3101,26.49,44.48
2010-08-24,1775.27,28.47,43.65
2010-08-25,1790.88,27.77,44.07
2010-08-26,1769.02,28.88,43.54
2010-08-27,1791.64,26.31,44.07
2010-08-30,1772.0699,27.89,43.61
2010-08-31,1767.4301,27.45,43.46
2010-09-01,1820.05,24.93,44.76
2010-09-02,1840.58,23.93,45.26
2010-09-03,1870.3101,21.95,46.01
2010-09-07,1856.5,23.99,45.7
2010-09-08,1880.0,23.53,46.25
2010-09-09,1886.14,23.29,46.43
2010-09-10,1892.34,22.98,46.6
2010-09-13,1921.67,22.32,47.25
2010-09-14,1928.59,21.63,47.45
2010-09-15,1939.6,22.15,47.75
2010-09-16,1948.11,21.81,47.94
2010-09-17,1955.83,22.26,47.99
2010-09-20,1989.4301,22.43,48.83
2010-09-21,1989.11,23.26,48.82
2010-09-22,1982.76,23.63,48.69
2010-09-23,1982.15,24.26,48.67
2010-09-24,2023.84,22.72,49.66
2010-09-27,2010.99,23.64,49.39
2010-09-28,2012.4301,23.86,49.37
2010-09-29,2009.08,24.48,49.29
2010-09-30,1998.04,24.96,49.07
2010-10-01,1996.6,23.98,49.01
2010-10-04,1975.33,25.16,48.48
2010-10-05,2024.63,23.43,49.66
2010-10-06,2006.52,23.53,49.23
2010-10-07,2011.63,23.06,49.41
2010-10-08,2027.03,21.98,49.75
2010-10-11,2026.98,20.4,49.77
2010-10-12,2041.55,20.54,50.11
2010-10-13,2057.25,20.47,50.52
2010-10-14,2054.51,20.63,50.42
2010-10-15,2097.73,20.44,51.49
2010-10-18,2104.1499,21.25,51.3
2010-10-19,2069.73,21.91,50.82
2010-10-20,2085.75,21.65,51.19
2010-10-21,2090.1001,21.18,51.29
2010-10-22,2104.21,20.42,51.64
2010-10-25,2113.55,21.48,51.89
2010-10-26,2119.05,21.81,52.03
2010-10-27,2125.8799,21.57,52.19
2010-10-28,2129.73,21.65,52.3
2010-10-29,2124.45,22.24,52.18
2010-11-01,2128.4199,22.92,52.22
2010-11-02,2151.72,22.88,52.78
2010-11-03,2158.3601,20.41,53.02
2010-11-04,2187.8,19.54,53.67
2010-11-05,2186.71,18.67,53.67
2010-11-08,2188.9399,18.7,53.74
2010-11-09,2176.8799,18.99,53.45
2010-11-10,2187.74,19.46,53.72
2010-11-11,2173.1101,19.37,53.38
2010-11-12,2137.95,22.55,52.51
2010-11-15,2131.48,21.69,52.31
2010-11-16,2093.6299,23.73,51.45
2010-11-17,2100.0,23.25,51.6
2010-11-18,2134.77,20.26,52.43
2010-11-19,2135.27,19.78,52.47
2010-11-22,2150.8601,19.73,52.91
2010-11-23,2116.6101,21.77,52.07
2010-11-24,2160.52,20.85,53.12
2010-11-26,2153.9099,20.84,52.77
2010-11-29,2144.5601,23.28,52.73
2010-11-30,2117.3301,25.39,52.09
2010-12-01,2162.8301,23.09,53.19
2010-12-02,2185.3,21.42,53.73
2010-12-03,2191.1699,19.77,53.87
2010-12-06,2189.8101,19.91,53.85
2010-12-07,2189.3501,20.16,53.88
2010-12-08,2200.6001,19.7,54.08
2010-12-09,2201.5701,19.06,54.13
2010-12-10,2215.3401,18.77,54.49
2010-12-13,2207.45,18.26,54.3
2010-12-14,2212.5901,18.4,54.4
2010-12-15,2202.45,18.86,54.16
2010-12-16,2218.02,18.25,54.58
2010-12-17,2218.29,17.31,54.52
2010-12-20,2223.04,17.18,54.56
2010-12-21,2234.5701,16.83,54.89
2010-12-22,2235.9099,16.57,54.88
2010-12-23,2230.27,17.43,54.74
2010-12-27,2229.8601,18.94,54.77
2010-12-28,2227.4199,18.89,54.67
2010-12-29,2231.6399,18.27,54.79
2010-12-30,2225.72,18.66,54.66
2010-12-31,2217.8601,19.48,54.46
2011-01-03,2254.23,19.07,55.31
2011-01-04,2251.46,18.9,55.27
2011-01-05,2270.3999,18.35,55.74
2011-01-06,2277.51,18.41,55.92
2011-01-07,2276.7,18.72,55.87
2011-01-10,2284.3799,18.67,56.08
2011-01-11,2288.73,18.07,56.16
2011-01-12,2304.8799,17.42,56.56
2011-01-13,2305.53,17.45,56.58
2011-01-14,2323.4299,16.49,57.0
2011-01-18,2328.79,16.42,57.16
2011-01-19,2303.3201,18.43,56.51
2011-01-20,2286.0801,19.63,56.11
2011-01-21,2268.3201,20.17,55.68
2011-01-24,2300.3899,18.83,56.45
2011-01-25,2304.03,18.84,56.53
2011-01-26,2314.1899,17.93,56.83
2011-01-27,2330.0701,17.83,57.18
2011-01-28,2270.51,21.66,55.73
2011-01-31,2281.9099,21.79,56.0
2011-02-01,2324.95,19.96,57.05
2011-02-02,2321.0901,19.84,56.96
2011-02-03,2323.0701,19.09,57.06
2011-02-04,2338.2,17.91,57.38
2011-02-07,2349.2,18.22,57.65
2011-02-08,2363.6101,17.68,58.03
2011-02-09,2360.95,17.72,57.93
2011-02-10,2364.3501,17.91,58.02
2011-02-11,2379.1499,17.18,58.44
2011-02-14,2385.6001,17.46,58.58
2011-02-15,2381.9199,17.98,58.5
2011-02-16,2397.9399,18.23,58.88
2011-02-17,2397.5701,18.22,58.86
2011-02-18,2392.47,17.9,58.73
2011-02-22,2322.8601,23.39,57.03
2011-02-23,2300.9399,24.37,56.56
2011-02-24,2313.3101,23.67,56.86
2011-02-25,2346.29,20.64,57.65
2011-02-28,2350.99,20.55,57.77
2011-03-01,2315.26,22.82,56.84
2011-03-02,2326.77,22.74,57.14
2011-03-03,2371.76,20.1,58.27
2011-03-04,2359.96,20.47,57.97
2011-03-07,2328.0701,23.22,57.19
2011-03-08,2337.55,22.74,57.42
2011-03-09,2322.6899,23.43,57.03
2011-03-10,2284.29,24.27,56.14
2011-03-11,2299.26,22.49,56.49
2011-03-14,2290.72,23.1,56.29
2011-03-15,2259.6201,26.79,55.49
2011-03-16,2202.97,30.7,54.15
2011-03-17,2225.24,28.41,54.65
2011-03-18,2221.0701,26.6,54.45
2011-03-21,2262.7,23.82,55.5
2011-03-22,2257.96,22.35,55.4
2011-03-23,2270.5,21.96,55.71
2011-03-24,2312.0901,20.59,56.7
2011-03-25,2316.3601,20.78,56.84
2011-03-28,2303.1001,22.23,56.53
2011-03-29,2325.54,21.34,57.08
2011-03-30,2336.52,20.38,57.35
2011-03-31,2338.99,19.74,57.43
2011-04-01,2342.9199,19.41,57.46
2011-04-04,2334.54,20.05,57.27
2011-04-05,2327.8701,19.46,57.12
2011-04-06,2332.3401,19.32,57.26
2011-04-07,2332.8799,19.34,57.22
2011-04-08,2321.1799,19.76,56.95
2011-04-11,2314.5,19.09,56.76
2011-04-12,2298.3,19.39,56.37
2011-04-13,2316.6299,18.5,56.85
2011-04-14,2311.25,17.7,56.75
2011-04-15,2307.5801,17.48,56.65
2011-04-18,2292.3401,18.47,56.25
2011-04-19,2306.77,16.23,56.6
2011-04-20,2357.76,16.49,57.88
2011-04-21,2377.3,15.85,58.34
2011-04-25,2383.72,17.22,58.49
2011-04-26,2396.03,17.78,58.82
2011-04-27,2413.5901,17.03,59.22
2011-04-28,2409.8999,16.2,59.13
2011-04-29,2404.0801,16.54,59.08
2011-05-02,2404.24,18.13,58.97
2011-05-03,2392.8,18.62,58.69
2011-05-04,2387.51,18.59,58.6
2011-05-05,2375.21,19.12,58.28
2011-05-06,2383.1799,19.26,58.47
2011-05-09,2390.97,18.38,58.69
2011-05-10,2411.3501,17.1,59.19
2011-05-11,2393.0801,17.41,58.76
2011-05-12,2407.8899,16.99,59.11
2011-05-13,2379.24,18.4,58.41
2011-05-16,2337.8501,19.5,57.4
2011-05-17,2343.51,19.12,57.56
2011-05-18,2362.95,17.65,58.04
2011-05-19,2369.6699,17.06,58.21
2011-05-20,2351.4299,18.16,57.77
2011-05-23,2316.78,19.21,56.92
2011-05-24,2303.55,19.4,56.57
2011-05-25,2310.95,18.16,56.79
2011-05-26,2325.9299,17.26,57.14
2011-05-27,2336.0901,16.87,57.43
2011-05-31,2372.54,16.44,58.36
2011-06-01,2322.48,19.24,57.09
2011-06-02,2326.7,18.71,57.21
2011-06-03,2292.3101,18.9,56.35
2011-06-06,2274.48,19.58,55.89
2011-06-07,2268.96,19.14,55.79
2011-06-08,2252.8899,19.97,55.39
2011-06-09,2256.6499,18.88,55.49
2011-06-10,2221.0901,19.85,54.64
2011-06-13,2222.28,20.22,54.64
2011-06-14,2250.3401,18.74,55.34
2011-06-15,2209.01,22.29,54.29
2011-06-16,2199.9299,24.47,54.08
2011-06-17,2192.96,23.58,53.79
2011-06-20,2204.3601,22.07,54.07
2011-06-21,2251.8201,20.36,55.23
2011-06-22,2235.75,20.2,54.83
2011-06-23,2255.05,20.76,55.34
2011-06-24,2217.0601,22.58,54.38
2011-06-27,2252.24,21.96,55.25
2011-06-28,2285.75,20.71,56.07
2011-06-29,2294.4299,18.84,56.3
2011-06-30,2325.0701,17.86,57.05
2011-07-01,2361.3899,17.37,57.91
2011-07-05,2371.21,17.76,58.2
2011-07-06,2378.5801,17.85,58.39
2011-07-07,2412.8899,17.71,59.19
2011-07-08,2405.8899,17.45,59.03
2011-07-11,2362.0,20.22,57.96
2011-07-12,2343.79,21.93,57.52
2011-07-13,2352.4299,21.82,57.76
2011-07-14,2325.0601,21.87,57.09
2011-07-15,2356.6699,20.95,57.85
2011-07-18,2344.01,22.48,57.54
2011-07-19,2398.1699,20.46,58.85
2011-07-20,2387.8,21.06,58.6
2011-07-21,2404.24,19.71,58.99
2011-07-22,2429.5,19.17,59.6
2011-07-25,2424.1499,20.95,59.48
2011-07-26,2429.45,21.58,59.63
2011-07-27,2367.1599,24.7,58.09
2011-07-28,2371.77,25.12,58.19
2011-07-29,2362.8101,26.08,58.0
2011-08-01,2354.05,24.26,57.73
2011-08-02,2292.8501,25.69,56.27
2011-08-03,2312.78,24.73,56.81
2011-08-04,2207.2,31.68,54.17
2011-08-05,2194.3799,33.77,53.83
2011-08-08,2060.29,44.74,50.59
2011-08-09,2160.79,34.63,53.03
2011-08-10,2073.0901,41.76,50.86
2011-08-11,2167.0701,37.85,53.1
2011-08-12,2182.05,35.22,53.57
2011-08-15,2214.1201,30.44,54.36
2011-08-16,2194.27,31.55,53.9
2011-08-17,2181.6201,31.17,53.58
2011-08-18,2073.03,41.61,50.95
2011-08-19,2038.22,43.47,50.03
2011-08-22,2044.73,42.03,50.21
2011-08-23,2129.27,35.45,52.28
2011-08-24,2145.04,35.65,52.69
2011-08-25,2108.21,39.43,51.83
2011-08-26,2161.97,34.49,53.13
2011-08-29,2223.96,32.11,54.61
2011-08-30,2237.6899,32.02,54.97
2011-08-31,2241.01,31.37,55.06
2011-09-01,2219.05,31.36,54.56
2011-09-02,2167.8301,33.0,53.28
2011-09-06,2167.6001,35.86,53.29
2011-09-07,2223.75,33.12,54.64
2011-09-08,2214.29,33.65,54.39
2011-09-09,2163.6599,37.99,53.18
2011-09-12,2191.8401,37.97,53.86
2011-09-13,2220.5801,36.0,54.58
2011-09-14,2252.75,33.36,55.36
2011-09-15,2286.5601,30.67,56.18
2011-09-16,2306.0901,29.36,56.59
2011-09-19,2308.76,31.42,56.61
2011-09-20,2295.8899,31.3,56.36
2011-09-21,2258.3,34.68,55.38
2011-09-22,2184.5901,40.25,53.58
2011-09-23,2206.8601,39.88,54.15
2011-09-26,2234.28,39.24,54.78
2011-09-27,2253.55,37.65,55.35
2011-09-28,2220.8401,40.76,54.53
2011-09-29,2197.6799,41.16,53.88
2011-09-30,2139.1799,44.98,52.49
2011-10-03,2085.04,46.61,51.14
2011-10-04,2129.21,42.47,52.19
2011-10-05,2182.77,39.12,53.53
2011-10-06,2217.99,37.32,54.43
2011-10-07,2202.76,37.08,54.07
2011-10-10,2278.6499,34.48,55.94
2011-10-11,2294.9199,34.1,56.32
2011-10-12,2307.1799,32.34,56.6
2011-10-13,2326.8799,30.3,57.12
2011-10-14,2371.9399,28.69,58.18
2011-10-17,2334.3799,32.92,57.28
2011-10-18,2364.8701,30.48,57.99
2011-10-19,2316.8101,33.84,56.87
2011-10-20,2306.29,34.78,56.59
2011-10-21,2335.9299,31.42,57.3
2011-10-24,2384.4199,28.45,58.49
2011-10-25,2335.8701,31.54,57.34
2011-10-26,2334.79,30.47,57.27
2011-10-27,2399.8301,26.28,58.85
2011-10-28,2401.29,25.0,58.94
2011-10-31,2360.0801,28.82,57.95
2011-11-01,2298.3701,33.49,56.44
2011-11-02,2318.3201,32.03,56.92
2011-11-03,2367.71,29.3,58.1
2011-11-04,2356.3201,29.35,57.8
2011-11-07,2371.04,28.83,58.21
2011-11-08,2400.01,27.31,58.88
2011-11-09,2314.1001,34.61,56.81
2011-11-10,2312.0701,32.67,56.78
2011-11-11,2355.78,29.35,57.85
2011-11-14,2341.3201,30.73,57.49
2011-11-15,2366.24,30.04,58.13
2011-11-16,2324.3701,31.94,57.17
2011-11-17,2272.0901,34.34,55.83
2011-11-18,2253.95,31.83,55.4
2011-11-21,2211.1399,32.93,54.34
2011-11-22,2216.3301,31.07,54.52
2011-11-23,2166.54,33.07,53.29
2011-11-25,2150.8799,33.04,52.88
2011-11-28,2224.22,31.56,54.72
2011-11-29,2211.3899,31.06,54.38
2011-11-30,2295.2,27.77,56.39
2011-12-01,2309.2,27.2,56.78
2011-12-02,2302.04,27.69,56.62
2011-12-05,2326.95,27.89,57.24
2011-12-06,2321.49,27.94,57.08
2011-12-07,2320.54,28.45,57.08
2011-12-08,2282.5901,30.0,56.12
2011-12-09,2318.6799,25.99,57.02
2011-12-12,2292.24,24.56,56.38
2011-12-13,2268.3701,25.29,55.76
2011-12-14,2233.03,26.08,54.89
2011-12-15,2226.71,24.79,54.74
2011-12-16,2238.1799,23.48,54.86
2011-12-19,2215.27,24.15,54.32
2011-12-20,2281.9399,22.5,55.93
2011-12-21,2249.03,22.29,55.13
2011-12-22,2266.77,21.89,55.6
2011-12-23,2287.5701,21.37,56.08
2011-12-27,2293.1201,22.49,56.24
2011-12-28,2267.0801,23.54,55.59
2011-12-29,2285.0701,23.07,55.99
2011-12-30,2277.8301,23.13,55.83
2012-01-03,2321.96,23.02,56.9
2012-01-04,2329.71,21.98,57.14
2012-01-05,2348.98,21.4,57.61
2012-01-06,2356.1699,20.52,57.81
2012-01-09,2350.6499,21.22,57.62
2012-01-10,2367.3799,20.93,58.04
2012-01-11,2372.25,21.18,58.16
2012-01-12,2381.99,20.79,58.39
2012-01-13,2371.98,21.38,58.18
2012-01-17,2393.24,22.21,58.71
2012-01-18,2425.96,21.29,59.49
2012-01-19,2441.7,20.27,59.86
2012-01-20,2437.02,18.97,59.77
2012-01-23,2437.22,19.42,59.79
2012-01-24,2433.96,19.74,59.68
2012-01-25,2465.6599,19.36,60.43
2012-01-26,2454.6299,19.56,60.22
2012-01-27,2461.77,19.31,60.4
2012-01-30,2465.3201,19.75,60.45
2012-01-31,2467.95,19.89,60.53
2012-02-01,2488.1799,19.04,61.02
2012-02-02,2495.8301,18.89,61.21
2012-02-03,2529.1699,18.21,62.05
2012-02-06,2528.3,18.65,62.0
2012-02-07,2532.0601,18.75,62.13
2012-02-08,2545.72,18.99,62.46
2012-02-09,2563.9299,18.9,62.91
2012-02-10,2547.3201,20.94,62.47
2012-02-13,2569.49,19.6,63.05
2012-02-14,2575.24,20.18,63.21
2012-02-15,2556.01,22.35,62.77
2012-02-16,2592.29,20.89,63.63
2012-02-17,2584.24,19.76,63.43
2012-02-21,2590.24,19.92,63.61
2012-02-22,2579.78,19.72,63.32
2012-02-23,2594.9299,18.41,63.74
2012-02-24,2604.21,18.27,63.96
2012-02-27,2606.76,19.42,64.05
2012-02-28,2633.46,19.55,64.7
2012-02-29,2623.1001,19.83,64.41
2012-03-01,2643.54,18.68,64.92
2012-03-02,2641.5801,18.23,64.87
2012-03-05,2614.9199,19.57,64.2
2012-03-06,2588.95,21.42,63.57
2012-03-07,2607.8501,20.42,64.06
2012-03-08,2637.1799,19.05,64.75
2012-03-09,2646.8501,18.11,65.02
2012-03-12,2646.8501,16.71,65.05
2012-03-13,2697.4299,16.44,66.26
2012-03-14,2708.4099,17.59,66.49
2012-03-15,2714.79,17.25,66.68
2012-03-16,2712.78,16.47,66.52
2012-03-19,2733.26,16.55,66.99
2012-03-20,2737.6299,16.35,67.11
2012-03-21,2736.8799,16.23,67.12
2012-03-22,2731.5,16.83,66.98
2012-03-23,2728.55,16.57,66.94
2012-03-26,2778.02,15.92,68.11
2012-03-27,2782.1201,17.02,68.21
2012-03-28,2770.97,17.28,67.94
2012-03-29,2762.05,17.27,67.68
2012-03-30,2755.27,17.19,67.55
2012-04-02,2784.4199,16.7,68.25
2012-04-03,2782.78,16.82,68.23
2012-04-04,2745.0,17.95,67.3
2012-04-05,2762.5,17.96,67.72
2012-04-09,2739.98,20.18,67.21
2012-04-10,2695.1201,21.59,66.13
2012-04-11,2708.1299,21.3,66.45
2012-04-12,2740.26,19.34,67.21
2012-04-13,2698.99,21.44,66.19
2012-04-16,2670.1001,22.57,65.45
2012-04-17,2723.5801,20.63,66.78
2012-04-18,2716.1399,21.26,66.61
2012-04-19,2686.8201,20.99,65.86
2012-04-20,2676.04,20.17,65.68
2012-04-23,2653.5,21.31,65.08
2012-04-24,2638.73,21.03,64.73
2012-04-25,2709.6201,18.47,66.45
2012-04-26,2725.23,17.83,66.84
2012-04-27,2741.3401,17.52,67.24
2012-04-30,2723.6799,18.77,66.76
2012-05-01,2726.9199,18.66,66.87
2012-05-02,2734.77,18.41,67.06
2012-05-03,2704.5901,19.19,66.35
2012-05-04,2637.9199,21.1,64.7
2012-05-07,2639.28,21.06,64.76
2012-05-08,2629.8701,21.28,64.52
2012-05-09,2621.3501,21.98,64.32
2012-05-10,2616.24,21.33,64.19
2012-05-11,2615.98,21.79,64.18
2012-05-14,2590.28,23.48,63.58
2012-05-15,2580.75,23.59,63.37
2012-05-16,2561.5601,24.17,62.94
2012-05-17,2509.05,26.5,61.61
2012-05-18,2478.53,27.55,60.81
2012-05-21,2545.4299,24.3,62.51
2012-05-22,2539.2,24.52,62.44
2012-05-23,2547.0801,24.07,62.56
2012-05-24,2531.3501,24.2,62.15
2012-05-25,2527.05,23.99,62.07
2012-05-29,2558.97,23.33,62.86
2012-05-30,2537.3999,25.35,62.33
2012-05-31,2524.8701,25.89,62.06
2012-06-01,2458.8301,28.63,60.41
2012-06-04,2478.1299,28.17,60.87
2012-06-05,2487.5,26.39,61.12
2012-06-06,2546.3201,23.75,62.52
2012-06-07,2535.4099,23.81,62.27
2012-06-08,2559.21,22.55,62.87
2012-06-11,2517.1799,24.6,61.81
2012-06-12,2546.2,23.15,62.56
2012-06-13,2527.4399,24.52,62.13
2012-06-14,2539.97,24.02,62.36
2012-06-15,2571.23,21.86,62.99
2012-06-18,2592.52,19.64,63.58
2012-06-19,2620.8301,19.2,64.24
2012-06-20,2623.3301,17.81,64.29
2012-06-21,2556.96,20.78,62.69
2012-06-22,2585.53,19.12,63.35
2012-06-25,2533.54,21.28,62.13
2012-06-26,2549.8401,20.87,62.52
2012-06-27,2565.53,20.68,62.9
2012-06-28,2536.6499,21.51,62.2
2012-06-29,2615.72,18.65,64.16
2012-07-02,2625.03,18.55,64.35
2012-07-03,2645.8401,18.56,64.89
2012-07-05,2647.47,18.43,64.93
2012-07-06,2612.29,18.65,64.12
2012-07-09,2610.3101,19.6,64.0
2012-07-10,2585.52,20.67,63.37
2012-07-11,2570.99,20.34,63.02
2012-07-12,2545.3,20.97,62.43
2012-07-13,2584.97,19.09,63.38
2012-07-16,2577.05,19.54,63.2
2012-07-17,2591.6499,18.91,63.53
2012-07-18,2625.8701,18.3,64.39
2012-07-19,2655.8101,17.49,65.1
2012-07-20,2618.04,18.2,64.24
2012-07-23,2589.9299,20.61,63.46
2012-07-24,2567.46,22.83,62.96
2012-07-25,2549.2,21.44,62.54
2012-07-26,2584.8501,20.11,63.37
2012-07-27,2647.03,18.58,64.87
2012-07-30,2642.1201,19.74,64.82
2012-07-31,2642.53,20.3,64.8
2012-08-01,2635.1299,20.19,64.61
2012-08-02,2625.52,19.08,64.38
2012-08-03,2676.0,17.46,65.6
2012-08-06,2694.0901,17.57,66.1
2012-08-07,2717.1599,17.41,66.65
2012-08-08,2714.02,16.97,66.62
2012-08-09,2719.6101,16.41,66.82
2012-08-10,2722.96,15.89,66.86
2012-08-13,2728.6799,14.48,67.02
2012-08-14,2727.79,15.4,67.05
2012-08-15,2735.47,14.77,67.22
2012-08-16,2768.0901,14.81,68.02
2012-08-17,2780.3,13.79,68.32
2012-08-20,2784.3301,14.62,68.42
2012-08-21,2772.2,15.36,68.15
2012-08-22,2783.4199,15.58,68.43
2012-08-23,2762.02,16.68,67.87
2012-08-24,2778.05,16.6,68.29
2012-08-27,2782.55,17.19,68.4
2012-08-28,2782.6899,17.64,68.4
2012-08-29,2784.0,18.11,68.4
2012-08-30,2753.74,19.03,67.71
2012-08-31,2772.24,18.35,68.16
2012-09-04,2772.03,19.09,68.09
2012-09-05,2766.95,19.02,68.02
2012-09-06,2829.71,17.01,69.53
2012-09-07,2825.1101,15.44,69.43
2012-09-10,2788.3501,17.8,68.54
2012-09-11,2784.8899,18.01,68.43
2012-09-12,2791.6799,17.18,68.63
2012-09-13,2831.3501,16.15,69.56
2012-09-14,2855.23,15.89,70.18
2012-09-17,2856.4399,15.79,70.21
2012-09-18,2857.3799,15.05,70.27
2012-09-19,2864.03,14.84,70.4
2012-09-20,2861.7,14.58,70.33
2012-09-21,2861.6399,14.44,70.15
2012-09-24,2843.98,15.34,69.74
2012-09-25,2804.53,16.7,68.76
2012-09-26,2781.6299,17.94,68.2
2012-09-27,2821.6001,16.45,69.14
2012-09-28,2799.1899,17.01,68.57
2012-10-01,2794.28,17.75,68.47
2012-10-02,2799.29,17.3,68.67
2012-10-03,2818.8401,16.76,69.11
2012-10-04,2828.6001,16.65,69.35
2012-10-05,2811.9399,16.48,68.98
2012-10-08,2786.9199,17.52,68.35
2012-10-09,2741.9199,18.87,67.26
2012-10-10,2728.54,18.48,66.92
2012-10-11,2719.21,18.33,66.71
2012-10-12,2720.1399,17.84,66.68
2012-10-15,2739.8701,17.55,67.17
2012-10-16,2778.3799,17.17,68.12
2012-10-17,2775.6201,16.89,68.08
2012-10-18,2744.1699,17.61,67.29
2012-10-19,2678.3201,20.05,65.68
2012-10-22,2694.5601,19.2,66.02
2012-10-23,2666.02,20.66,65.39
2012-10-24,2655.55,21.67,65.16
2012-10-25,2657.6599,20.28,65.16
2012-10-26,2665.8301,19.58,65.35
2012-10-31,2647.9199,20.33,64.95
2012-11-01,2687.52,18.44,65.87
2012-11-02,2656.28,19.95,65.17
2012-11-05,2672.9099,19.54,65.6
2012-11-06,2681.05,19.1,65.72
2012-11-07,2612.6899,20.42,64.17
2012-11-08,2572.5701,20.14,63.16
2012-11-09,2584.1001,19.41,63.43
2012-11-12,2582.77,18.62,63.42
2012-11-13,2561.8601,19.05,62.98
2012-11-14,2531.8701,19.5,62.24
2012-11-15,2524.3601,19.23,62.03
2012-11-16,2534.1599,18.13,62.3
2012-11-19,2595.8301,15.92,63.78
2012-11-20,2594.6599,16.18,63.8
2012-11-21,2600.48,16.21,63.93
2012-11-23,2639.5901,16.21,64.9
2012-11-26,2651.6699,16.81,65.18
2012-11-27,2641.4199,16.9,64.96
2012-11-28,2665.27,16.75,65.52
2012-11-29,2680.03,16.4,65.91
2012-11-30,2677.8799,16.96,65.8
2012-12-03,2671.8401,17.69,65.67
2012-12-04,2667.8899,18.37,65.63
2012-12-05,2637.8899,18.63,64.9
2012-12-06,2656.3,18.49,65.32
2012-12-07,2640.54,18.35,64.93
2012-12-10,2647.5701,18.74,65.12
2012-12-11,2682.0701,17.96,65.97
2012-12-12,2674.5701,18.58,65.83
2012-12-13,2654.01,19.47,65.31
2012-12-14,2628.0901,20.19,64.69
2012-12-17,2664.26,19.47,65.55
2012-12-18,2705.3899,18.63,66.55
2012-12-19,2690.99,19.27,66.26
2012-12-20,2693.55,19.32,66.26
2012-12-21,2664.6699,20.16,65.2
2012-12-24,2658.05,20.15,65.07
2012-12-26,2637.1799,21.18,64.5
2012-12-27,2632.9399,21.57,64.4
2012-12-28,2606.3601,23.32,63.78
2012-12-31,2660.9299,20.56,65.13
2013-01-02,2746.47,16.95,67.2
2013-01-03,2732.26,17.11,66.85
2013-01-04,2724.49,15.51,66.63
2013-01-07,2724.22,16.55,66.65
2013-01-08,2718.72,16.43,66.52
2013-01-09,2727.6499,16.08,66.77
2013-01-10,2744.1799,16.08,67.17
2013-01-11,2748.26,15.87,67.26
2013-01-14,2735.7,16.13,66.96
2013-01-15,2722.98,16.12,66.63
2013-01-16,2734.73,15.32,66.9
2013-01-17,2747.1499,15.07,67.22
2013-01-18,2743.24,14.17,67.07
2013-01-22,2746.1899,14.08,67.18
2013-01-23,2762.1699,14.28,67.59
2013-01-24,2723.53,14.17,66.66
2013-01-25,2736.73,14.06,67.0
2013-01-28,2742.4299,14.39,67.15
2013-01-29,2743.5801,14.02,67.16
2013-01-30,2738.71,14.38,67.02
2013-01-31,2731.53,14.83,66.87
2013-02-01,2763.96,13.89,67.66
2013-02-04,2715.6799,15.73,66.48
2013-02-05,2754.99,14.83,67.46
2013-02-06,2746.3501,14.02,67.24
2013-02-07,2746.5,14.77,67.3
2013-02-08,2775.5601,14.14,67.99
2013-02-11,2774.6399,14.11,68.01
2013-02-12,2762.6201,13.06,67.73
2013-02-13,2773.77,14.41,67.97
2013-02-14,2771.4299,13.66,67.95
2013-02-15,2764.6699,13.47,67.75
2013-02-19,2782.8601,13.42,68.24
2013-02-20,2739.99,15.28,67.19
2013-02-21,2711.51,16.49,66.47
2013-02-22,2737.28,15.68,67.14
2013-02-25,2700.97,19.35,66.31
2013-02-26,2713.02,17.91,66.56
2013-02-27,2741.26,16.34,67.24
2013-02-28,2738.5801,16.3,67.1
2013-03-01,2747.75,15.64,67.38
2013-03-04,2759.53,15.39,67.68
2013-03-05,2799.25,14.6,68.68
2013-03-06,2792.5601,14.6,68.51
2013-03-07,2799.49,14.23,68.69
2013-03-08,2804.1101,13.72,68.77
2013-03-11,2811.8601,12.41,68.97
2013-03-12,2800.8101,12.84,68.72
2013-03-13,2798.6799,12.65,68.63
2013-03-14,2807.3,12.33,68.86
2013-03-15,2799.4099,12.03,68.51
2013-03-18,2792.3,13.69,68.36
2013-03-19,2787.27,14.45,68.23
2013-03-20,2805.9099,13.42,68.71
2013-03-21,2774.8501,14.24,67.93
2013-03-22,2800.8101,13.88,68.59
2013-03-25,2789.45,14.35,68.34
2013-03-26,2806.5,13.42,68.71
2013-03-27,2809.98,13.57,68.8
2013-03-28,2818.6899,13.28,68.97
2013-04-01,2797.0701,14.48,68.5
2013-04-02,2820.6201,14.02,69.04
2013-04-03,2795.04,14.94,68.41
2013-04-04,2794.9199,15.26,68.43
2013-04-05,2771.75,15.52,67.86
2013-04-08,2786.1299,14.89,68.22
2013-04-09,2804.6699,14.46,68.68
2013-04-10,2859.21,13.71,70.02
2013-04-11,2859.0701,14.09,69.99
2013-04-12,2856.48,13.88,69.94
2013-04-15,2797.47,17.16,68.56
2013-04-16,2838.4099,15.72,69.47
2013-04-17,2781.98,18.2,68.11
2013-04-18,2741.95,18.75,67.17
2013-04-19,2780.46,17.17,68.09
2013-04-22,2810.0701,16.13,68.79
2013-04-23,2835.3701,15.72,69.45
2013-04-24,2834.1201,15.4,69.42
2013-04-25,2848.6599,15.32,69.79
2013-04-26,2840.55,15.48,69.57
2013-04-29,2866.95,15.32,70.21
2013-04-30,2887.4399,15.34,70.72
2013-05-01,2873.3501,16.0,70.39
2013-05-02,2911.1399,15.19,71.28
2013-05-03,2944.5901,14.66,72.12
2013-05-06,2955.3601,14.6,72.4
2013-05-07,2952.8799,14.27,72.36
2013-05-08,2968.24,14.49,72.71
2013-05-09,2961.1201,14.49,72.61
2013-05-10,2981.02,14.34,73.05
2013-05-13,2982.0901,14.59,73.14
2013-05-14,2996.05,14.78,73.52
2013-05-15,3002.6201,13.88,73.67
2013-05-16,2999.3401,13.72,73.59
2013-05-17,3028.96,13.3,74.3
2013-05-20,3020.97,13.53,74.19
2013-05-21,3026.45,14.41,74.27
2013-05-22,2999.1299,14.73,73.62
2013-05-23,2991.45,14.89,73.45
2013-05-24,2991.02,14.48,73.41
2013-05-28,3011.9399,14.99,73.89
2013-05-29,2994.8201,15.18,73.54
2013-05-30,3011.8301,14.99,73.93
2013-05-31,2981.76,15.99,73.25
2013-06-03,2990.79,16.79,73.38
2013-06-04,2973.6899,16.84,73.0
2013-06-05,2937.1399,17.49,72.05
2013-06-06,2950.3,17.4,72.4
2013-06-07,2990.8701,15.88,73.39
2013-06-10,2990.49,15.86,73.42
2013-06-11,2959.8401,16.88,72.69
2013-06-12,2926.1399,18.7,71.85
2013-06-13,2962.8999,17.13,72.76
2013-06-14,2943.8601,17.28,72.28
2013-06-17,2971.26,16.95,72.98
2013-06-18,2996.0901,16.47,73.58
2013-06-19,2959.5,15.12,72.76
2013-06-20,2890.3301,20.06,71.03
2013-06-21,2877.9399,19.44,70.43
2013-06-24,2848.2,19.83,69.73
2013-06-25,2866.5,18.8,70.24
2013-06-26,2893.8501,17.38,70.87
2013-06-27,2906.8401,16.72,71.17
2013-06-28,2909.6001,16.47,71.27
2013-07-01,2927.3501,16.16,71.71
2013-07-02,2929.6299,15.94,71.74
2013-07-03,2941.4099,15.8,72.03
2013-07-05,2963.22,14.91,72.58
2013-07-08,2966.1299,14.77,72.65
2013-07-09,2984.3201,14.26,73.09
2013-07-10,3000.6599,13.95,73.51
2013-07-11,3059.46,13.87,74.97
2013-07-12,3079.0701,13.96,75.3
2013-07-15,3079.8501,14.03,75.47
2013-07-16,3077.47,14.25,75.37
2013-07-17,3085.28,13.92,75.56
2013-07-18,3077.8201,13.47,75.37
2013-07-19,3044.9299,13.75,74.59
2013-07-22,3055.23,13.39,74.81
2013-07-23,3031.3999,13.37,74.26
2013-07-24,3041.1599,13.27,74.5
2013-07-25,3061.6699,13.32,74.97
2013-07-26,3076.23,12.93,75.37
2013-07-29,3068.95,13.65,75.23
2013-07-30,3085.3301,13.87,75.63
2013-07-31,3090.1899,14.25,75.77
2013-08-01,3126.3,13.88,76.54
2013-08-02,3143.52,12.77,76.97
2013-08-05,3143.1899,12.83,77.02
2013-08-06,3122.2,13.35,76.56
2013-08-07,3118.6899,13.44,76.42
2013-08-08,3130.1299,13.26,76.8
2013-08-09,3118.5701,13.63,76.49
2013-08-12,3125.9299,12.86,76.67
2013-08-13,3141.0601,12.5,77.1
2013-08-14,3129.45,13.3,76.81
2013-08-15,3076.23,14.9,75.51
2013-08-16,3073.9099,14.73,75.48
2013-08-19,3069.76,15.53,75.35
2013-08-20,3082.1699,15.15,75.68
2013-08-21,3071.47,15.99,75.42
2013-08-22,3101.8201,15.44,76.16
2013-08-23,3124.27,14.62,76.67
2013-08-26,3122.6699,15.32,76.71
2013-08-27,3059.5801,17.63,75.14
2013-08-28,3072.1699,17.42,75.43
2013-08-29,3093.3601,17.4,75.96
2013-08-30,3073.8101,17.53,75.47
2013-09-03,3091.76,17.89,75.9
2013-09-04,3124.54,16.77,76.71
2013-09-05,3129.9399,16.51,76.84
2013-09-06,3133.3799,16.32,76.93
2013-09-09,3169.9299,16.16,77.83
2013-09-10,3185.0701,15.24,78.21
2013-09-11,3179.8601,14.73,78.06
2013-09-12,3175.5701,14.75,78.01
2013-09-13,3178.28,14.7,78.06
2013-09-16,3168.6899,15.16,77.85
2013-09-17,3190.8301,14.72,78.37
2013-09-18,3231.3101,14.15,79.31
2013-09-19,3237.6101,13.77,79.5
2013-09-20,3224.73,12.97,78.99
2013-09-23,3219.3401,14.64,78.83
2013-09-24,3218.6599,14.37,78.83
2013-09-25,3208.55,14.66,78.56
2013-09-26,3234.04,14.36,79.17
2013-09-27,3230.3,15.65,79.07
2013-09-30,3218.2,16.73,78.88
2013-10-01,3253.05,15.97,79.68
2013-10-02,3253.26,16.72,79.65
2013-10-03,3213.8301,18.3,78.72
2013-10-04,3242.5701,17.32,79.4
2013-10-07,3215.6899,19.84,78.74
2013-10-08,3153.8701,22.07,77.22
2013-10-09,3142.54,21.68,76.98
2013-10-10,3210.8401,18.45,78.61
2013-10-11,3233.8301,17.19,79.23
2013-10-14,3256.02,17.47,79.79
2013-10-15,3244.6599,18.77,79.48
2013-10-16,3281.6699,16.4,80.38
2013-10-17,3301.28,14.49,80.84
2013-10-18,3353.8799,13.69,82.15
2013-10-21,3361.1799,14.4,82.33
2013-10-22,3366.9299,14.96,82.45
2013-10-23,3346.05,15.33,81.95
2013-10-24,3362.3799,14.5,82.31
2013-10-25,3383.8301,14.91,82.9
2013-10-28,3382.6799,14.97,82.92
2013-10-29,3391.75,14.83,83.06
2013-10-30,3385.3799,14.72,82.98
2013-10-31,3377.73,14.88,82.79
2013-11-01,3379.76,14.76,82.81
2013-11-04,3384.75,14.37,82.93
2013-11-05,3388.8201,14.4,83.02
2013-11-06,3385.3799,14.76,83.0
2013-11-07,3321.4099,15.67,81.44
2013-11-08,3366.8401,14.67,82.54
2013-11-11,3362.98,14.37,82.41
2013-11-12,3365.23,14.14,82.54
2013-11-13,3405.5601,13.66,83.54
2013-11-14,3415.1399,13.26,83.8
2013-11-15,3422.5801,13.13,83.96
2013-11-18,3388.8701,14.37,83.14
2013-11-19,3378.1299,14.52,82.9
2013-11-20,3367.1699,14.44,82.7
2013-11-21,3402.74,14.01,83.54
2013-11-22,3422.02,13.65,83.99
2013-11-25,3427.49,13.74,84.19
2013-11-26,3445.76,13.6,84.63
2013-11-27,3470.48,13.36,85.22
2013-11-29,3487.8201,13.93,85.73
2013-12-02,3481.1499,14.81,85.48
2013-12-03,3479.3401,14.93,85.41
2013-12-04,3483.01,15.08,85.49
2013-12-05,3477.73,16.11,85.38
2013-12-06,3504.26,14.85,86.0
2013-12-09,3516.1699,14.8,86.35
2013-12-10,3514.2,14.8,86.29
2013-12-11,3468.99,15.88,85.18
2013-12-12,3460.29,16.0,84.96
2013-12-13,3456.3999,15.98,84.85
2013-12-16,3475.79,16.54,85.32
2013-12-17,3469.3201,16.47,85.15
2013-12-18,3509.6299,15.01,86.14
2013-12-19,3498.6299,14.92,85.9
2013-12-20,3531.1899,14.48,86.5
2013-12-23,3569.3999,14.11,87.41
2013-12-24,3572.8,13.91,87.45
2013-12-26,3584.5801,13.93,87.74
2013-12-27,3574.02,14.51,87.52
2013-12-30,3570.0801,15.16,87.39
2013-12-31,3592.0,15.44,87.96
2014-01-02,3563.5701,15.88,87.27
2014-01-03,3538.73,15.85,86.64
2014-01-06,3526.96,15.82,86.32
2014-01-07,3557.8501,15.1,87.12
2014-01-08,3567.54,14.88,87.31
2014-01-09,3552.5801,15.1,87.02
2014-01-10,3565.0801,14.09,87.3
2014-01-13,3512.8,15.05,86.01
2014-01-14,3580.6499,13.52,87.65
2014-01-15,3609.8401,13.63,88.37
2014-01-16,3611.29,14.11,88.38
2014-01-17,3591.25,14.2,87.88
2014-01-21,3617.7,14.34,88.55
2014-01-22,3627.72,14.43,88.78
2014-01-23,3613.76,15.33,88.48
2014-01-24,3541.48,18.84,86.74
2014-01-27,3509.02,18.87,85.9
2014-01-28,3505.72,17.65,85.85
2014-01-29,3467.8201,18.69,84.93
2014-01-30,3532.4099,18.65,86.5
2014-01-31,3521.9199,18.97,86.27
2014-02-03,3440.5,21.44,84.29
2014-02-04,3470.2,20.1,84.91
2014-02-05,3454.8999,21.15,84.69
2014-02-06,3497.6001,19.48,85.77
2014-02-07,3561.9099,16.71,87.3
2014-02-10,3582.1101,16.53,87.8
2014-02-11,3621.72,15.84,88.8
2014-02-12,3627.3601,15.93,88.97
2014-02-13,3659.5601,15.49,89.63
2014-02-14,3663.8799,14.8,89.81
2014-02-18,3679.4299,15.23,90.25
2014-02-19,3652.8501,16.32,89.63
2014-02-20,3671.9299,15.91,90.05
2014-02-21,3662.6001,15.81,89.93
2014-02-24,3685.8101,15.24,90.41
2014-02-25,3679.1399,15.15,90.31
2014-02-26,3676.6001,15.29,90.23
2014-02-27,3699.8,14.79,90.44
2014-02-28,3696.1001,15.01,90.34
2014-03-03,3668.3701,16.85,89.67
2014-03-04,3719.9299,15.41,90.81
2014-03-05,3727.1899,15.22,91.06
2014-03-06,3720.9299,14.94,90.98
2014-03-07,3703.3999,15.23,90.53
2014-03-10,3706.3401,15.52,90.61
2014-03-11,3691.5,15.78,90.22
2014-03-12,3707.0601,15.54,90.56
2014-03-13,3651.49,17.47,89.28
2014-03-14,3627.8701,18.89,88.67
2014-03-17,3662.51,17.47,89.45
2014-03-18,3706.6201,15.93,90.53
2014-03-19,3682.74,16.23,90.04
2014-03-20,3693.97,16.18,90.29
2014-03-21,3653.0701,17.35,89.0
2014-03-24,3617.3899,18.12,88.22
2014-03-25,3629.73,17.12,88.51
2014-03-26,3582.8899,18.14,87.37
2014-03-27,3563.1299,18.49,86.88
2014-03-28,3571.49,18.09,87.05
2014-03-31,3595.74,18.12,87.67
2014-04-01,3658.3999,16.74,89.21
2014-04-02,3665.99,16.37,89.44
2014-04-03,3637.5801,16.96,88.73
2014-04-04,3539.3799,18.79,86.37
2014-04-07,3507.75,20.05,85.55
2014-04-08,3538.23,19.11,86.34
2014-04-09,3600.4399,17.72,87.82
2014-04-10,3487.76,20.59,85.1
2014-04-11,3446.8501,22.65,84.11
2014-04-14,3474.6299,21.77,84.77
2014-04-15,3487.8501,21.91,85.05
2014-04-16,3533.0901,20.41,86.18
2014-04-17,3534.53,19.39,86.2
2014-04-21,3559.95,18.53,86.84
2014-04-22,3588.8101,17.18,87.53
2014-04-23,3557.04,16.9,86.76
2014-04-24,3591.03,17.17,87.59
2014-04-25,3533.1001,18.59,86.19
2014-04-28,3545.03,18.74,86.47
2014-04-29,3573.99,18.33,87.16
2014-04-30,3582.02,17.68,87.39
2014-05-01,3594.3601,17.15,87.65
2014-05-02,3587.6399,17.03,87.49
2014-05-05,3605.0901,16.78,87.95
2014-05-06,3556.51,17.09,86.81
2014-05-07,3546.47,17.4,86.56
2014-05-08,3540.4199,17.42,86.48
2014-05-09,3555.7,16.52,86.8
2014-05-12,3612.73,15.49,88.23
2014-05-13,3611.1299,15.37,88.29
2014-05-14,3593.25,15.16,87.83
2014-05-15,3565.1699,16.06,87.14
2014-05-16,3587.2,15.25,87.71
2014-05-19,3615.6201,15.1,88.32
2014-05-20,3600.3101,15.34,88.0
2014-05-21,3635.6101,14.5,88.84
2014-05-22,3650.8601,14.2,89.23
2014-05-23,3677.3301,13.45,89.88
2014-05-27,3723.0701,13.72,91.0
2014-05-28,3712.26,14.04,90.72
2014-05-29,3735.72,13.84,91.3
2014-05-30,3736.8201,13.77,91.31
2014-06-02,3732.96,14.33,91.22
2014-06-03,3730.0701,14.35,91.18
2014-06-04,3743.5901,14.21,91.52
2014-06-05,3776.95,13.66,92.29
2014-06-06,3794.5701,13.21,92.82
2014-06-09,3795.74,13.79,92.75
2014-06-10,3800.8601,13.57,92.91
2014-06-11,3797.8501,13.37,92.89
2014-06-12,3763.8,13.85,92.05
2014-06-13,3775.5601,13.61,92.32
2014-06-16,3779.9299,13.7,92.4
2014-06-17,3781.3201,13.51,92.45
2014-06-18,3804.6101,12.65,92.97
2014-06-19,3800.8,12.51,92.91
2014-06-20,3802.6399,12.27,92.77
2014-06-23,3805.3101,12.3,92.79
2014-06-24,3799.53,12.61,92.7
2014-06-25,3827.3301,12.54,93.29
2014-06-26,3826.9099,12.2,93.34
2014-06-27,3844.4399,12.03,93.75
2014-06-30,3849.48,12.21,93.91
2014-07-01,3894.3301,11.98,94.94
2014-07-02,3899.27,11.59,95.1
2014-07-03,3923.01,11.36,95.7
2014-07-07,3910.71,12.44,95.41
2014-07-08,3864.0701,13.74,94.26
2014-07-09,3892.9099,13.22,94.96
2014-07-10,3880.04,14.13,94.66
2014-07-11,3904.5801,13.66,95.27
2014-07-14,3929.46,13.59,95.84
2014-07-15,3914.46,14.33,95.51
2014-07-16,3932.3301,13.38,95.89
2014-07-17,3878.01,15.85,94.62
2014-07-18,3939.8899,13.4,96.12
2014-07-21,3934.1399,14.17,96.0
2014-07-22,3961.6201,13.26,96.61
2014-07-23,3986.1899,12.91,97.23
2014-07-24,3983.1899,13.08,97.12
2014-07-25,3965.1699,13.36,96.74
2014-07-28,3967.24,13.84,96.77
2014-07-29,3959.03,14.2,96.6
2014-07-30,3976.0701,13.93,96.98
2014-07-31,3892.5,16.82,95.02
2014-08-01,3879.6699,17.26,94.67
2014-08-04,3908.77,16.08,95.32
2014-08-05,3874.9399,17.02,94.59
2014-08-06,3874.27,17.07,94.52
2014-08-07,3857.9399,17.37,94.22
2014-08-08,3888.0901,17.02,94.9
2014-08-11,3910.46,15.27,95.46
2014-08-12,3905.23,15.13,95.42
2014-08-13,3949.2,13.81,96.43
2014-08-14,3969.1101,12.95,96.93
2014-08-15,3987.51,13.37,97.4
2014-08-18,4020.5,12.85,98.15
2014-08-19,4040.1299,12.66,98.7
2014-08-20,4040.71,12.66,98.7
2014-08-21,4047.03,12.5,98.9
2014-08-22,4052.75,12.23,99.05
2014-08-25,4067.48,12.45,99.4
2014-08-26,4071.6699,12.34,99.5
2014-08-27,4073.1799,12.34,99.52
2014-08-28,4066.27,12.65,99.41
2014-08-29,4082.5601,12.71,99.78
2014-09-02,4095.8101,12.98,100.07
2014-09-03,4070.96,13.56,99.48
2014-09-04,4066.1299,13.78,99.39
2014-09-05,4089.9199,13.24,99.89
2014-09-08,4095.47,13.66,100.08
2014-09-09,4061.8799,14.53,99.25
2014-09-10,4094.97,14.12,100.07
2014-09-11,4092.6499,14.03,99.99
2014-09-12,4069.23,14.67,99.48
2014-09-15,4029.8899,16.19,98.52
2014-09-16,4067.27,14.92,99.38
2014-09-17,4073.5701,13.85,99.53
2014-09-18,4103.0801,13.51,100.28
2014-09-19,4100.0898,13.8,99.98
2014-09-22,4061.23,15.51,99.05
2014-09-23,4051.5701,16.46,98.78
2014-09-24,4094.3101,15.25,99.84
2014-09-25,4007.8201,18.12,97.74
2014-09-26,4053.72,16.85,98.78
2014-09-29,4047.1799,18.03,98.65
2014-09-30,4049.45,18.26,98.79
2014-10-01,3984.74,19.21,97.21
2014-10-02,3985.8701,18.63,97.21
2014-10-03,4027.3101,17.54,98.17
2014-10-06,4016.27,17.98,97.96
2014-10-07,3958.5901,19.17,96.57
2014-10-08,4041.1201,17.26,98.45
2014-10-09,3969.3201,19.77,96.86
2014-10-10,3870.8601,22.62,94.44
2014-10-13,3808.0,25.72,92.96
2014-10-14,3810.45,25.0,92.97
2014-10-15,3785.97,27.05,92.37
2014-10-16,3765.28,26.73,91.79
2014-10-17,3815.47,23.13,93.0
2014-10-20,3870.0801,20.32,94.39
2014-10-21,3971.3899,18.22,96.87
2014-10-22,3949.5901,19.96,96.37
2014-10-23,4012.27,18.78,97.82
2014-10-24,4042.02,17.93,98.62
2014-10-27,4046.02,17.94,98.69
2014-10-28,4106.6299,16.6,100.18
2014-10-29,4090.55,16.78,99.81
2014-10-30,4100.6401,16.61,100.02
2014-10-31,4158.21,15.81,101.4
2014-11-03,4169.2798,16.42,101.7
2014-11-04,4156.23,16.58,101.36
2014-11-05,4153.27,16.34,101.37
2014-11-06,4164.0801,15.68,101.69
2014-11-07,4160.5,14.71,101.6
2014-11-10,4175.9502,14.3,101.96
2014-11-11,4187.1602,14.32,102.28
2014-11-12,4195.3999,14.33,102.46
2014-11-13,4213.48,14.55,102.9
2014-11-14,4224.9902,15.16,103.22
2014-11-17,4213.79,15.53,102.91
2014-11-18,4242.1899,15.38,103.68
2014-11-19,4222.6602,15.71,103.21
2014-11-20,4242.0898,14.87,103.67
2014-11-21,4251.3198,14.71,103.87
2014-11-24,4284.3198,14.25,104.68
2014-11-25,4288.23,14.12,104.84
2014-11-26,4317.9902,13.64,105.52
2014-11-28,4337.79,14.74,106.01
2014-12-01,4287.8101,16.57,104.81
2014-12-02,4305.96,15.66,105.23
2014-12-03,4312.9302,15.08,105.42
2014-12-04,4311.9302,14.98,105.37
2014-12-05,4311.5698,14.37,105.38
2014-12-08,4278.3398,16.03,104.63
2014-12-09,4294.6699,16.43,104.96
2014-12-10,4224.8701,19.47,103.31
2014-12-11,4246.48,20.4,103.8
2014-12-12,4199.2798,22.51,102.67
2014-12-15,4157.4102,22.08,101.61
2014-12-16,4089.6001,24.06,99.98
2014-12-17,4165.1001,20.86,101.8
2014-12-18,4267.77,17.23,104.25
2014-12-19,4281.7798,16.89,104.32
2014-12-22,4293.6699,16.56,104.58
2014-12-23,4279.2998,16.81,104.21
2014-12-24,4283.1001,16.47,104.3
2014-12-26,4314.0898,16.27,105.04
2014-12-29,4312.6401,16.8,105.02
2014-12-30,4282.3501,16.97,104.32
2014-12-31,4236.2798,19.64,103.25
2015-01-02,4230.2402,19.2,102.94
2015-01-05,4160.96,20.72,101.43
2015-01-06,4110.8301,21.85,100.07
2015-01-07,4160.0,20.16,101.36
2015-01-08,4240.5498,18.15,103.3
2015-01-09,4213.2798,18.4,102.62
2015-01-12,4169.9702,19.87,101.55
2015-01-13,4166.2002,20.71,101.52
2015-01-14,4145.8398,21.41,100.96
2015-01-15,4089.6499,22.72,99.65
2015-01-16,4142.1401,21.22,100.82
2015-01-20,4171.21,20.69,101.62
2015-01-21,4192.0898,20.02,102.14
2015-01-22,4270.3599,17.08,104.03
2015-01-23,4278.1401,17.06,104.26
2015-01-26,4275.7202,16.97,104.14
2015-01-27,4165.5,19.22,101.44
2015-01-28,4140.3799,21.39,100.92
2015-01-29,4181.3501,19.48,101.89
2015-01-30,4148.4302,21.59,101.1
2015-02-02,4188.5898,20.79,101.98
2015-02-03,4229.1499,18.81,102.96
2015-02-04,4221.2002,19.16,102.87
2015-02-05,4256.1802,18.18,103.76
2015-02-06,4228.6802,18.41,103.13
2015-02-09,4216.0898,19.12,102.8
2015-02-10,4281.1602,17.46,104.4
2015-02-11,4297.2798,17.39,104.78
2015-02-12,4347.9702,16.1,106.0
2015-02-13,4384.0298,15.15,106.91
2015-02-17,4385.3398,15.96,107.01
2015-02-18,4390.9102,15.9,107.16
2015-02-19,4411.8599,15.44,107.69
2015-02-20,4443.0498,14.67,108.41
2015-02-23,4449.4902,14.87,108.52
2015-02-24,4451.0298,14.26,108.6
2015-02-25,4440.5898,14.38,108.33
2015-02-26,4462.27,14.33,108.88
2015-02-27,4440.6699,14.62,108.4
2015-03-02,4483.0498,14.27,109.38
2015-03-03,4458.7798,14.98,108.87
2015-03-04,4445.3599,15.59,108.45
2015-03-05,4452.0601,15.22,108.64
2015-03-06,4399.23,16.75,107.41
2015-03-09,4412.9902,16.44,107.72
2015-03-10,4329.0801,18.02,105.72
2015-03-11,4305.3799,18.42,105.11
2015-03-12,4336.23,17.15,105.8
2015-03-13,4314.8999,17.55,105.34
2015-03-16,4370.4702,16.91,106.7
2015-03-17,4375.6299,16.6,106.87
2015-03-18,4422.5,14.99,107.92
2015-03-19,4426.8198,14.71,108.08
2015-03-20,4458.54,13.82,108.53
2015-03-23,4445.54,14.44,108.32
2015-03-24,4430.9902,14.62,107.93
2015-03-25,4329.29,17.33,105.46
2015-03-26,4315.2598,17.5,105.1
2015-03-27,4332.8599,16.89,105.52
2015-03-30,4382.8198,16.06,106.73
2015-03-31,4333.6899,17.29,105.6
2015-04-01,4311.2598,17.35,105.05
2015-04-02,4316.0098,16.72,105.12
2015-04-06,4350.98,16.58,105.98
2015-04-07,4344.0801,16.39,105.8
2015-04-08,4375.96,15.45,106.64
2015-04-09,4403.9502,14.7,107.31
2015-04-10,4422.02,14.1,107.75
2015-04-13,4409.21,15.45,107.48
2015-04-14,4397.6401,15.46,107.17
2015-04-15,4424.5298,14.63,107.84
2015-04-16,4418.8301,14.5,107.69
2015-04-17,4351.7998,16.03,106.01
2015-04-20,4417.3999,14.86,107.6
2015-04-21,4435.98,14.93,108.06
2015-04-22,4460.8101,14.68,108.65
2015-04-23,4477.0698,14.22,109.06
2015-04-24,4536.7798,14.2,110.54
2015-04-27,4525.04,15.18,110.26
2015-04-28,4515.27,14.88,110.04
2015-04-29,4488.1499,15.47,109.35
2015-04-30,4414.25,16.51,107.63
2015-05-01,4479.0601,15.07,109.05
2015-05-04,4482.6099,15.15,109.23
2015-05-05,4409.3901,16.66,107.45
2015-05-06,4379.75,17.79,106.71
2015-05-07,4401.5498,17.37,107.35
2015-05-08,4458.6499,15.38,108.69
2015-05-11,4438.6401,15.56,108.27
2015-05-12,4420.6499,15.96,107.78
2015-05-13,4426.5601,15.62,108.0
2015-05-14,4495.04,14.31,109.58
2015-05-15,4494.29,13.89,109.58
2015-05-18,4512.9502,13.95,110.06
2015-05-19,4503.7202,14.15,109.94
2015-05-20,4505.2998,14.0,110.01
2015-05-21,4529.4702,13.38,110.58
2015-05-22,4527.1602,13.23,110.47
2015-05-26,4472.96,15.15,109.2
2015-05-27,4546.0601,13.96,110.96
2015-05-28,4535.6602,14.22,110.71
2015-05-29,4508.25,14.75,110.05
2015-06-01,4521.8501,14.98,110.42
2015-06-02,4508.8901,15.46,110.07
2015-06-03,4519.8599,15.03,110.4
2015-06-04,4487.0298,15.79,109.56
2015-06-05,4477.1899,15.77,109.3
2015-06-08,4431.5098,16.94,108.19
2015-06-09,4427.6099,16.49,108.01
2015-06-10,4485.46,15.07,109.49
2015-06-11,4488.4702,14.64,109.65
2015-06-12,4453.79,15.16,108.75
2015-06-15,4432.9199,16.34,108.21
2015-06-16,4455.8999,16.0,108.8
2015-06-17,4468.98,15.41,109.1
2015-06-18,4531.8501,13.88,110.69
2015-06-19,4513.4199,14.61,109.89
2015-06-22,4544.04,13.83,110.7
2015-06-23,4548.7402,13.52,110.79
2015-06-24,4524.6001,14.24,110.22
2015-06-25,4514.0098,14.85,110.0
2015-06-26,4484.2798,15.33,109.27
2015-06-29,4379.8701,19.81,106.69
2015-06-30,4396.7598,19.34,107.07
2015-07-01,4429.23,17.56,107.92
2015-07-02,4433.3901,17.66,107.95
2015-07-06,4418.6602,17.91,107.7
2015-07-07,4429.0601,17.34,107.97
2015-07-08,4351.5801,20.07,106.09
2015-07-09,4352.0298,20.32,106.03
2015-07-10,4420.1499,17.92,107.65
2015-07-13,4494.4702,15.02,109.54
2015-07-14,4523.4702,14.27,110.26
2015-07-15,4528.3599,14.17,110.38
2015-07-16,4594.8999,12.59,111.94
2015-07-17,4661.6001,12.93,113.59
2015-07-20,4679.6802,14.03,113.98
2015-07-21,4674.4102,14.49,113.91
2015-07-22,4623.2402,14.17,112.62
2015-07-23,4602.8301,14.16,112.2
2015-07-24,4557.3701,15.85,111.1
2015-07-27,4519.0898,17.49,110.18
2015-07-28,4560.23,15.51,111.13
2015-07-29,4581.6001,14.96,111.55
2015-07-30,4598.5898,14.44,112.08
2015-07-31,4588.9102,14.59,111.95
2015-08-03,4580.46,15.18,111.6
2015-08-04,4567.4702,15.67,111.39
2015-08-05,4602.2402,15.13,112.25
2015-08-06,4528.5098,16.9,110.45
2015-08-07,4520.0801,16.9,110.31
2015-08-10,4573.1099,15.87,111.57
2015-08-11,4513.9902,17.45,110.14
2015-08-12,4528.1899,17.24,110.52
2015-08-13,4519.3198,16.95,110.34
2015-08-14,4530.7402,16.41,110.51
2015-08-17,4566.3701,15.55,111.43
2015-08-18,4542.0698,16.0,110.86
2015-08-19,4510.8999,17.36,110.13
2015-08-20,4385.1299,21.61,107.08
2015-08-21,4197.27,30.2,102.4
2015-08-24,4038.6001,42.95,98.46
2015-08-25,4016.3201,38.32,98.09
2015-08-26,4219.6001,31.37,103.03
2015-08-27,4324.8198,28.46,105.64
2015-08-28,4329.1201,28.75,105.62
2015-08-31,4274.5801,29.92,104.31
2015-09-01,4142.6299,32.95,101.05
2015-09-02,4256.23,28.41,103.9
2015-09-03,4234.6499,28.1,103.39
2015-09-04,4184.7202,28.92,102.16
2015-09-08,4303.5298,26.56,105.04
2015-09-09,4253.4502,27.51,103.86
2015-09-10,4296.2998,26.44,104.99
2015-09-11,4323.23,25.02,105.57
2015-09-14,4308.7598,25.44,105.25
2015-09-15,4360.2798,24.02,106.49
2015-09-16,4383.6699,22.58,107.09
2015-09-17,4384.96,22.63,107.13
2015-09-18,4323.8599,23.6,105.35
2015-09-21,4336.1299,22.5,105.68
2015-09-22,4274.1001,24.58,104.1
2015-09-23,4273.5298,23.78,104.18
2015-09-24,4261.1001,24.72,103.8
2015-09-25,4224.7402,25.16,102.92
2015-09-28,4103.4702,28.99,99.99
2015-09-29,4083.3701,28.94,99.47
2015-09-30,4181.0601,26.82,101.76
2015-10-01,4192.96,25.58,102.22
2015-10-02,4267.4502,23.71,104.01
2015-10-05,4331.4302,22.82,105.5
2015-10-06,4306.7002,22.65,105.0
2015-10-07,4333.46,21.78,105.63
2015-10-08,4350.1499,20.91,106.05
2015-10-09,4370.0098,20.5,106.53
2015-10-12,4382.5601,19.01,106.79
2015-10-13,4352.9399,20.15,106.1
2015-10-14,4346.9199,20.71,105.93
2015-10-15,4418.2202,18.07,107.67
2015-10-16,4438.6201,17.2,108.12
2015-10-19,4462.0698,16.86,108.74
2015-10-20,4438.1802,17.95,108.18
2015-10-21,4413.52,18.98,107.52
2015-10-22,4503.2202,15.63,109.71
2015-10-23,4624.0898,16.6,112.78
2015-10-26,4630.8501,17.75,112.85
2015-10-27,4639.23,17.92,113.08
2015-10-28,4678.5801,16.94,114.02
2015-10-29,4670.7598,17.17,113.84
2015-10-30,4648.8301,17.3,113.33
2015-11-02,4703.9199,16.56,114.61
2015-11-03,4719.0498,16.77,115.01
2015-11-04,4717.5498,17.22,115.02
2015-11-05,4702.8999,17.2,114.71
2015-11-06,4707.23,16.36,114.79
2015-11-09,4655.52,18.03,113.57
2015-11-10,4641.73,17.32,113.28
2015-11-11,4636.9399,17.72,113.14
2015-11-12,4588.9302,18.92,112.04
2015-11-13,4502.1401,21.24,109.84
2015-11-16,4565.4702,18.79,111.42
2015-11-17,4565.8198,19.34,111.49
2015-11-18,4653.4399,17.76,113.63
2015-11-19,4655.3501,17.94,113.71
2015-11-20,4686.3599,17.03,114.48
2015-11-23,4674.79,17.31,114.15
2015-11-24,4669.4102,17.48,114.05
2015-11-25,4672.8799,16.98,114.15
2015-11-27,4680.4702,17.13,114.31
2015-11-30,4664.5098,18.1,114.02
2015-12-01,4716.1602,17.15,115.16
2015-12-02,4686.2202,17.83,114.45
2015-12-03,4606.75,19.72,112.51
2015-12-04,4716.1201,16.66,115.14
2015-12-07,4693.6201,17.6,114.62
2015-12-08,4694.77,18.84,114.63
2015-12-09,4622.1401,20.45,112.89
2015-12-10,4643.0498,20.11,113.4
2015-12-11,4537.5601,24.38,110.79
2015-12-14,4570.1602,23.11,111.63
2015-12-15,4597.3301,21.51,112.31
2015-12-16,4664.5601,18.79,113.98
2015-12-17,4598.1401,20.28,112.32
2015-12-18,4514.8301,21.5,109.83
2015-12-21,4560.5498,20.22,111.05
2015-12-22,4589.2598,18.38,111.78
2015-12-23,4624.5898,17.68,112.61
2015-12-24,4622.77,17.81,112.59
2015-12-28,4621.3501,18.87,112.53
2015-12-29,4691.0801,17.84,114.3
2015-12-30,4652.0098,18.88,113.27
2015-12-31,4593.27,19.63,111.86
2016-01-04,4497.8599,22.42,109.5
2016-01-05,4484.1802,21.56,109.31
2016-01-06,4443.9902,22.48,108.26
2016-01-07,4305.7202,26.77,104.87
2016-01-08,4270.7798,28.33,104.01
2016-01-11,4283.5498,26.41,104.33
2016-01-12,4333.7202,24.16,105.54
2016-01-13,4183.1201,27.11,101.9
2016-01-14,4272.9702,25.96,104.07
2016-01-15,4141.0801,29.13,100.84
2016-01-19,4147.0698,29.32,101.06
2016-01-20,4136.2798,30.84,100.75
2016-01-21,4142.6001,30.23,100.85
2016-01-22,4259.77,25.74,103.77
2016-01-25,4196.5298,27.54,102.23
2016-01-26,4233.8501,26.42,103.15
2016-01-27,4128.8599,27.27,100.58
2016-01-28,4186.0601,26.32,102.0
2016-01-29,4279.1699,23.64,104.13
2016-02-01,4286.5601,23.06,104.41
2016-02-02,4193.1001,25.08,102.15
2016-02-03,4171.9702,25.05,101.66
2016-02-04,4167.77,25.35,101.65
2016-02-05,4024.47,27.65,98.12
2016-02-08,3960.6699,31.46,96.62
2016-02-09,3947.8,31.91,96.32
2016-02-10,3966.28,31.26,96.69
2016-02-11,3962.22,31.87,96.55
2016-02-12,4019.1899,29.74,98.02
2016-02-16,4104.3301,28.67,100.23
2016-02-17,4199.1001,27.19,102.5
2016-02-18,4151.4902,26.6,101.33
2016-02-19,4164.0898,24.91,101.63
2016-02-22,4231.27,23.81,103.28
2016-02-23,4162.54,25.3,101.58
2016-02-24,4200.6602,24.0,102.55
2016-02-25,4241.0601,22.62,103.56
2016-02-26,4235.6201,23.08,103.43
2016-02-29,4201.1201,23.55,102.5
2016-03-01,4333.6099,20.77,105.79
2016-03-02,4334.3901,20.6,105.83
2016-03-03,4325.8599,20.75,105.63
2016-03-04,4329.0,20.81,105.67
2016-03-07,4303.3301,21.61,105.02
2016-03-08,4265.5098,22.72,104.15
2016-03-09,4293.23,21.89,104.82
2016-03-10,4286.9702,21.49,104.66
2016-03-11,4361.8301,19.65,106.49
2016-03-14,4367.3301,19.57,106.67
2016-03-15,4367.0801,19.46,106.63
2016-03-16,4404.2002,17.8,107.58
2016-03-17,4400.2598,17.65,107.52
2016-03-18,4410.8301,17.2,107.37
2016-03-21,4426.98,17.17,107.79
2016-03-22,4437.6201,16.98,108.12
2016-03-23,4402.5601,17.75,107.23
2016-03-24,4405.5298,17.31,107.26
2016-03-28,4398.0698,18.39,107.11
2016-03-29,4467.7202,16.9,108.83
2016-03-30,4490.8799,16.53,109.36
2016-03-31,4483.6602,16.85,109.2
2016-04-01,4532.0801,15.84,110.36
2016-04-04,4511.7002,16.85,109.94
2016-04-05,4470.75,18.02,108.88
2016-04-06,4543.7798,16.64,110.67
2016-04-07,4475.29,18.62,109.08
2016-04-08,4474.9302,18.48,109.0
2016-04-11,4458.71,18.59,108.6
2016-04-12,4496.04,17.48,109.51
2016-04-13,4554.7202,16.26,110.91
2016-04-14,4554.6299,16.6,110.92
2016-04-15,4543.1602,16.05,110.64
2016-04-18,4569.3101,16.04,111.23
2016-04-19,4537.0898,16.43,110.55
2016-04-20,4540.4399,16.31,110.64
2016-04-21,4540.7998,16.57,110.65
2016-04-22,4474.1899,16.61,108.98
2016-04-25,4474.1299,17.21,108.98
2016-04-26,4452.9702,17.26,108.45
2016-04-27,4416.6299,17.06,107.58
2016-04-28,4363.9902,18.07,106.28
2016-04-29,4341.2998,19.3,105.72
2016-05-02,4381.2998,18.28,106.72
2016-05-03,4341.3901,19.02,105.73
2016-05-04,4312.0098,19.32,105.05
2016-05-05,4309.48,19.14,105.02
2016-05-06,4330.1699,17.54,105.58
2016-05-09,4341.23,17.38,105.88
2016-05-10,4402.04,16.27,107.33
2016-05-11,4361.0298,17.16,106.36
2016-05-12,4342.8101,17.26,105.89
2016-05-13,4326.5298,17.1,105.5
2016-05-16,4380.48,16.37,106.82
2016-05-17,4322.5601,17.6,105.48
2016-05-18,4338.23,17.41,105.86
2016-05-19,4315.5801,17.88,105.31
2016-05-20,4362.8999,16.4,106.47
2016-05-23,4355.1001,16.85,106.33
2016-05-24,4444.2998,15.32,108.46
2016-05-25,4476.4302,15.01,109.24
2016-05-26,4487.96,14.71,109.56
2016-05-27,4512.54,14.55,110.13
2016-05-31,4523.8901,15.25,110.34
2016-06-01,4520.0698,15.39,110.35
2016-06-02,4531.3501,15.15,110.58
2016-06-03,4509.79,15.03,110.06
2016-06-06,4523.6299,15.25,110.46
2016-06-07,4513.0898,15.26,110.18
2016-06-08,4520.6299,15.27,110.37
2016-06-09,4512.6899,15.68,110.19
2016-06-10,4461.0498,17.64,108.94
2016-06-13,4422.7598,20.61,108.03
2016-06-14,4424.9102,20.43,108.03
2016-06-15,4409.5098,20.19,107.72
2016-06-16,4424.23,19.83,108.04
2016-06-17,4374.3799,20.25,106.49
2016-06-20,4400.1602,19.31,107.16
2016-06-21,4413.3999,19.59,107.5
2016-06-22,4404.73,21.64,107.24
2016-06-23,4467.48,18.21,108.77
2016-06-24,4285.7002,24.88,104.29
2016-06-27,4201.0498,24.39,102.22
2016-06-28,4290.4702,20.11,104.46
2016-06-29,4364.7402,18.47,106.31
2016-06-30,4417.7002,17.58,107.54
2016-07-01,4437.4502,16.83,108.08
2016-07-05,4410.75,17.92,107.42
2016-07-06,4444.7002,17.49,108.3
2016-07-07,4459.5801,17.28,108.62
2016-07-08,4528.3599,15.74,110.3
2016-07-11,4554.71,15.11,110.93
2016-07-12,4577.6099,15.09,111.49
2016-07-13,4565.77,15.24,111.22
2016-07-14,4596.4902,14.66,111.98
2016-07-15,4589.8301,14.29,111.8
2016-07-18,4619.6802,14.71,112.54
2016-07-19,4603.2798,14.57,112.13
2016-07-20,4657.2002,14.27,113.44
2016-07-21,4647.02,14.98,113.18
2016-07-22,4666.0698,14.59,113.65
2016-07-25,4665.9302,15.6,113.66
2016-07-26,4672.1099,15.93,113.79
2016-07-27,4702.8799,15.14,114.58
2016-07-28,4721.4102,14.84,114.98
2016-07-29,4730.23,13.97,115.23
2016-08-01,4756.04,14.52,115.84
2016-08-02,4719.21,15.41,114.96
2016-08-03,4734.3301,15.18,115.34
2016-08-04,4743.8101,14.47,115.67
2016-08-05,4791.21,13.77,116.78
2016-08-08,4784.7402,14.06,116.65
2016-08-09,4795.75,14.19,116.92
2016-08-10,4783.3901,14.55,116.62
2016-08-11,4803.3101,14.31,117.12
2016-08-12,4807.0801,13.99,117.2
2016-08-15,4827.1201,14.01,117.7
2016-08-16,4797.1899,14.92,117.05
2016-08-17,4805.4502,14.76,117.26
2016-08-18,4808.6802,14.15,117.29
2016-08-19,4806.1401,13.42,117.26
2016-08-22,4808.5601,14.0,117.35
2016-08-23,4818.48,14.21,117.56
2016-08-24,4783.4902,15.26,116.8
2016-08-25,4775.4302,15.36,116.61
2016-08-26,4783.6899,15.16,116.78
2016-08-29,4791.0898,15.0,116.94
2016-08-30,4775.9902,15.11,116.56
2016-08-31,4771.0498,15.34,116.44
2016-09-01,4783.9399,15.39,116.74
2016-09-02,4798.7402,14.32,117.12
2016-09-06,4829.5098,14.32,117.85
2016-09-07,4831.8599,13.89,117.92
2016-09-08,4804.0,14.48,117.23
2016-09-09,4681.54,17.96,114.28
2016-09-12,4764.6499,15.31,116.33
2016-09-13,4722.8501,17.95,115.29
2016-09-14,4746.0601,18.3,115.84
2016-09-15,4819.8999,16.39,117.64
2016-09-16,4818.0498,15.14,117.29
2016-09-19,4796.0698,16.11,116.78
2016-09-20,4805.2202,16.55,117.0
2016-09-21,4853.75,14.98,118.15
2016-09-22,4891.3599,13.66,119.09
2016-09-23,4858.9102,13.98,118.33
2016-09-26,4817.1699,16.44,117.34
2016-09-27,4866.71,15.09,118.5
2016-09-28,4875.27,15.03,118.7
2016-09-29,4838.2998,16.23,117.84
2016-09-30,4875.7002,15.45,118.72
2016-10-03,4866.6299,15.86,118.55
2016-10-04,4859.4702,16.25,118.37
2016-10-05,4877.75,15.86,118.79
2016-10-06,4873.9199,15.7,118.73
2016-10-07,4864.52,15.66,118.47
2016-10-10,4893.77,15.5,119.22
2016-10-11,4821.9102,17.02,117.52
2016-10-12,4819.6401,17.23,117.42
2016-10-13,4803.1001,17.65,117.0
2016-10-14,4808.48,17.4,117.14
2016-10-17,4796.1699,17.58,116.82
2016-10-18,4839.7202,16.97,117.86
2016-10-19,4836.6099,16.41,117.85
2016-10-20,4832.71,15.63,117.71
2016-10-21,4851.8599,15.37,118.15
2016-10-24,4909.9702,14.93,119.57
2016-10-25,4891.4502,15.88,119.19
2016-10-26,4860.5898,16.51,118.38
2016-10-27,4836.4502,17.33,117.84
2016-10-28,4805.5898,18.23,117.1
2016-10-31,4801.27,19.32,116.99
2016-11-01,4766.9399,20.66,116.11
2016-11-02,4726.9102,21.24,115.18
2016-11-03,4679.1001,22.36,114.05
2016-11-04,4660.46,23.03,113.65
2016-11-07,4773.73,19.66,116.35
2016-11-08,4804.9199,20.2,117.11
2016-11-09,4825.1802,17.15,117.65
2016-11-10,4747.0298,19.07,115.75
2016-11-11,4751.9502,18.95,115.8
2016-11-14,4702.04,19.7,114.63
2016-11-15,4764.4702,17.6,116.22
2016-11-16,4792.27,17.3,116.91
2016-11-17,4826.5898,16.02,117.76
2016-11-18,4808.04,15.51,117.32
2016-11-21,4859.0,14.74,118.54
2016-11-22,4873.8398,14.28,118.9
2016-11-23,4853.8599,14.26,118.42
2016-11-25,4870.02,14.39,118.8
2016-11-28,4857.02,15.12,118.53
2016-11-29,4873.21,14.94,118.94
2016-11-30,4810.8101,15.13,117.5
2016-12-01,4734.1001,17.18,115.47
2016-12-02,4739.3701,16.99,115.7
2016-12-05,4778.1401,15.87,116.6
2016-12-06,4788.6699,15.26,116.88
2016-12-07,4851.9399,15.2,118.36
2016-12-08,4859.1899,14.82,118.57
2016-12-09,4895.8999,14.27,119.5
2016-12-12,4874.2998,13.87,118.96
2016-12-13,4935.8398,14.33,120.46
2016-12-14,4921.2202,14.53,120.21
2016-12-15,4933.4102,14.21,120.4
2016-12-16,4914.8599,13.23,119.6
2016-12-19,4934.8501,13.11,120.09
2016-12-20,4953.7998,13.08,120.55
2016-12-21,4948.9102,13.26,120.46
2016-12-22,4934.3901,13.42,120.12
2016-12-23,4940.02,13.24,120.2
2016-12-27,4965.8101,14.24,120.82
2016-12-28,4926.29,15.4,119.88
2016-12-29,4918.2798,15.56,119.71
2016-12-30,4863.6201,16.68,118.48
2017-01-03,4911.3301,16.06,119.54
2017-01-04,4937.21,15.18,120.19
2017-01-05,4964.9502,14.63,120.87
2017-01-06,5007.0801,13.85,121.93
2017-01-09,5024.8999,14.22,122.33
2017-01-10,5035.1699,14.13,122.6
2017-01-11,5050.21,13.94,122.93
2017-01-12,5041.4302,13.86,122.74
2017-01-13,5059.5098,13.34,123.16
2017-01-17,5044.6499,13.88,122.79
2017-01-18,5055.8501,13.51,123.04
2017-01-19,5051.1699,14.06,122.98
2017-01-20,5063.2002,13.04,123.25
2017-01-23,5065.7002,13.49,123.35
2017-01-24,5101.0601,12.64,124.18
2017-01-25,5151.4702,12.65,125.43
2017-01-26,5156.9199,12.64,125.56
2017-01-27,5168.0601,12.3,125.8
2017-01-30,5129.3301,13.71,124.82
2017-01-31,5116.77,14.29,124.57
2017-02-01,5152.6899,13.09,125.43
2017-02-02,5147.7002,13.63,125.32
2017-02-03,5161.6001,12.78,125.68
2017-02-06,5167.96,13.01,125.83
2017-02-07,5185.8799,13.03,126.29
2017-02-08,5196.5801,12.92,126.5
2017-02-09,5212.1602,12.65,126.96
2017-02-10,5226.6899,12.31,127.38
2017-02-13,5256.8198,12.31,128.1
2017-02-14,5271.0698,12.31,128.53
2017-02-15,5302.3901,12.31,129.29
2017-02-16,5300.6401,12.31,129.25
2017-02-17,5324.7202,12.31,129.81
2017-02-21,5350.73,12.31,130.45
2017-02-22,5352.1299,12.56,130.5
2017-02-23,5332.3701,13.29,130.01
2017-02-24,5343.3101,12.75,130.26
2017-02-27,5347.5498,13.19,130.42
2017-02-28,5330.3101,13.6,130.02
2017-03-01,5390.9902,12.9,131.44
2017-03-02,5363.2598,12.71,130.78
2017-03-03,5373.48,11.77,131.02
2017-03-06,5360.3101,12.19,130.73
2017-03-07,5351.2798,12.13,130.51
2017-03-08,5359.8101,12.25,130.74
2017-03-09,5363.98,12.47,130.84
2017-03-10,5385.8999,11.9,131.39
2017-03-13,5394.5698,11.19,131.61
2017-03-14,5382.1699,11.7,131.29
2017-03-15,5416.25,11.28,132.1
2017-03-16,5412.0801,10.96,132.01
2017-03-17,5408.7598,10.57,131.69
2017-03-20,5413.3101,10.31,131.81
2017-03-21,5332.5298,12.5,129.81
2017-03-22,5367.5498,12.78,130.69
2017-03-23,5355.1401,13.7,130.36
2017-03-24,5364.0,12.66,130.63
2017-03-27,5374.27,12.78,130.84
2017-03-28,5407.21,12.12,131.64
2017-03-29,5430.27,11.53,132.25
2017-03-30,5439.7402,11.54,132.47
2017-03-31,5436.23,11.75,132.38
2017-04-03,5432.2002,12.37,132.3
2017-04-04,5440.4102,12.15,132.51
2017-04-05,5418.52,13.14,131.97
2017-04-06,5420.8799,12.73,132.04
2017-04-07,5418.3701,13.49,131.97
2017-04-10,5421.6802,14.22,132.02
2017-04-11,5398.3999,15.13,131.45
2017-04-12,5377.0298,15.56,130.92
2017-04-13,5353.5898,15.9,130.4
2017-04-17,5399.2002,15.24,131.48
2017-04-18,5391.6602,15.47,131.28
2017-04-19,5399.6401,15.47,131.49
2017-04-20,5443.5298,14.46,132.59
2017-04-21,5442.0498,14.87,132.56
2017-04-24,5508.0298,12.06,134.16
2017-04-25,5548.1899,12.01,135.13
2017-04-26,5541.0898,11.95,134.94
2017-04-27,5571.2798,11.11,135.75
2017-04-28,5583.5298,11.53,135.99
2017-05-01,5629.6299,12.2,137.2
2017-05-02,5644.0698,12.95,137.43
2017-05-03,5625.1602,11.98,136.99
2017-05-04,5626.3198,12.18,137.04
2017-05-05,5646.0898,12.31,137.54
2017-05-08,5659.0698,11.86,137.84
2017-05-09,5678.3101,12.67,138.32
2017-05-10,5681.6802,12.34,138.4
2017-05-11,5674.2202,12.76,138.29
2017-05-12,5686.8101,12.3,138.6
2017-05-15,5704.48,12.03,139.04
2017-05-16,5724.4399,11.59,139.62
2017-05-17,5580.5498,16.46,136.07
2017-05-18,5626.3101,15.66,137.26
2017-05-19,5651.5601,13.86,137.84
2017-05-22,5699.3999,12.88,139.0
2017-05-23,5703.3501,12.75,139.14
2017-05-24,5730.2998,12.37,139.78
2017-05-25,5778.3701,12.58,140.97
2017-05-26,5788.3599,12.26,141.22
2017-05-30,5794.6299,12.9,141.34
2017-05-31,5788.7998,12.94,141.29
2017-06-01,5816.5098,12.69,141.84
2017-06-02,5881.46,12.91,143.46
2017-06-05,5878.1201,13.2,143.43
2017-06-06,5856.77,13.96,142.86
2017-06-07,5877.5898,14.05,143.42
2017-06-08,5885.2998,13.66,143.57
2017-06-09,5741.9399,18.13,139.98
2017-06-12,5708.1802,16.98,139.23
2017-06-13,5751.8198,15.1,140.36
2017-06-14,5727.0698,16.01,139.75
2017-06-15,5700.8901,16.2,139.13
2017-06-16,5681.48,16.3,138.15
2017-06-19,5772.2202,14.6,140.46
2017-06-20,5726.3101,15.29,139.36
2017-06-21,5782.3901,14.76,140.74
2017-06-22,5779.8701,14.8,140.7
2017-06-23,5803.1099,14.47,141.24
2017-06-26,5777.5898,15.44,140.58
2017-06-27,5671.6001,17.26,138.03
2017-06-28,5753.0298,16.05,140.02
2017-06-29,5653.02,18.43,137.59
2017-06-30,5646.9199,17.61,137.64
2017-07-03,5596.96,18.74,136.19
2017-07-05,5648.8198,17.26,137.53
2017-07-06,5597.8999,18.0,136.29
2017-07-07,5656.4702,16.81,137.76
2017-07-10,5694.1499,16.7,138.66
2017-07-11,5709.7998,16.42,139.05
2017-07-12,5778.9502,15.1,140.7
2017-07-13,5793.3599,14.62,141.01
2017-07-14,5838.0801,13.8,142.12
2017-07-17,5839.7402,14.5,142.19
2017-07-18,5880.1001,13.9,143.14
2017-07-19,5916.1602,13.95,143.98
2017-07-20,5921.2202,14.36,144.17
2017-07-21,5921.5298,14.36,144.11
2017-07-24,5941.3701,14.59,144.77
2017-07-25,5930.6499,13.82,144.4
2017-07-26,5950.73,13.89,144.87
2017-07-27,5917.0298,15.89,143.96
2017-07-28,5908.9199,15.91,143.84
2017-07-31,5880.3301,15.87,143.23
2017-08-01,5895.1699,14.83,143.56
2017-08-02,5914.23,14.61,143.95
2017-08-03,5891.2002,14.69,143.39
2017-08-04,5899.9102,14.09,143.65
2017-08-07,5934.73,14.21,144.56
2017-08-08,5926.3501,15.23,144.31
2017-08-09,5919.3901,15.43,144.12
2017-08-10,5788.1899,19.06,141.03
2017-08-11,5831.5298,17.77,142.1
2017-08-14,5908.1699,15.06,143.93
2017-08-15,5907.73,14.36,144.03
2017-08-16,5917.4199,14.22,144.28
2017-08-17,5796.3198,18.6,141.33
2017-08-18,5790.9102,17.85,141.23
2017-08-21,5786.54,17.37,141.05
2017-08-22,5873.3301,15.21,143.2
2017-08-23,5851.7798,15.8,142.69
2017-08-24,5834.4399,15.97,142.27
2017-08-25,5822.5298,15.52,141.97
2017-08-28,5838.0801,15.18,142.41
2017-08-29,5862.1401,15.98,142.97
2017-08-30,5932.8999,15.12,144.65
2017-08-31,5988.6001,14.33,146.2
2017-09-01,5987.8999,14.1,146.0
2017-09-05,5932.73,16.13,144.69
2017-09-06,5951.1299,15.56,145.13
2017-09-07,5964.3101,15.4,145.47
2017-09-08,5913.3701,16.07,144.21
2017-09-11,5980.5298,14.07,145.87
2017-09-12,5995.6401,13.37,146.22
2017-09-13,6004.3799,12.8,146.42
2017-09-14,5968.8198,13.4,145.56
2017-09-15,5988.0,12.51,146.06
2017-09-18,5981.1201,13.61,145.55
2017-09-19,5991.0801,13.3,145.8
2017-09-20,5973.6099,13.42,145.35
2017-09-21,5934.9102,13.71,144.46
2017-09-22,5932.3198,13.81,144.32
2017-09-25,5867.3501,15.65,142.8
2017-09-26,5881.3398,15.28,143.17
2017-09-27,5937.79,15.32,144.46
2017-09-28,5933.0698,14.98,144.41
2017-09-29,5979.2998,13.85,145.45
2017-10-02,5981.9199,13.88,145.58
2017-10-03,5995.0601,13.62,145.89
2017-10-04,5998.8398,13.45,146.03
2017-10-05,6057.1401,12.88,147.46
2017-10-06,6064.5698,13.33,147.66
2017-10-09,6058.5298,14.04,147.49
2017-10-10,6063.52,14.29,147.6
2017-10-11,6081.25,14.09,148.04
2017-10-12,6069.9902,14.33,147.77
2017-10-13,6092.4502,13.97,148.34
2017-10-16,6114.5298,14.49,148.85
2017-10-17,6122.6099,14.4,149.04
2017-10-18,6114.3501,14.32,148.86
2017-10-19,6092.6201,14.64,148.31
2017-10-20,6108.8198,14.32,148.71
2017-10-23,6067.8301,15.74,147.74
2017-10-24,6080.2202,15.51,147.99
2017-10-25,6055.04,16.31,147.43
2017-10-26,6037.8701,15.82,146.96
2017-10-27,6213.4702,14.3,151.24
2017-10-30,6227.5898,15.05,151.58
2017-10-31,6248.5601,15.06,152.15
2017-11-01,6248.6499,14.95,152.1
2017-11-02,6236.3901,14.7,151.81
2017-11-03,6295.5801,13.9,153.27
2017-11-06,6313.6099,13.9,153.79
2017-11-07,6320.7798,14.12,153.88
2017-11-08,6345.8101,14.06,154.5
2017-11-09,6312.21,15.04,153.69
2017-11-10,6309.0698,15.03,153.68
2017-11-13,6316.1802,14.84,153.87
2017-11-14,6293.6401,15.0,153.31
2017-11-15,6258.3599,16.09,152.59
2017-11-16,6339.1401,14.31,154.54
2017-11-17,6314.5098,13.79,153.95
2017-11-20,6308.6099,13.82,153.83
2017-11-21,6378.6299,12.78,155.5
2017-11-22,6386.1201,12.74,155.69
2017-11-24,6409.29,12.38,156.26
2017-11-27,6405.9702,13.04,156.19
2017-11-28,6422.5601,13.41,156.59
2017-11-29,6311.3799,16.38,153.86
2017-11-30,6365.5601,15.93,155.15
2017-12-01,6337.8701,16.57,154.49
2017-12-04,6263.7002,18.03,152.71
2017-12-05,6265.1099,17.12,152.81
2017-12-06,6293.0498,16.71,153.5
2017-12-07,6316.2798,15.86,154.02
2017-12-08,6344.5698,14.42,154.7
2017-12-11,6393.8901,12.59,155.9
2017-12-12,6383.6499,12.86,155.69
2017-12-13,6394.6699,12.74,155.99
2017-12-14,6389.9102,12.39,155.88
2017-12-15,6466.3198,11.88,157.65
2017-12-18,6513.27,12.53,158.64
2017-12-19,6480.6699,12.82,157.7
2017-12-20,6472.48,12.78,157.53
2017-12-21,6472.6899,12.65,157.55
2017-12-22,6465.1699,12.54,157.37
2017-12-26,6433.1602,13.64,156.52
2017-12-27,6435.1499,14.29,156.54
2017-12-28,6441.4199,14.62,156.73
2017-12-29,6396.4199,15.68,155.76
2018-01-02,6511.3398,14.93,158.49
2018-01-03,6575.7998,14.16,160.03
2018-01-04,6584.5801,13.97,160.31
2018-01-05,6653.29,13.48,161.92
2018-01-08,6676.6299,13.84,162.55
2018-01-09,6677.9399,14.63,162.56
2018-01-10,6662.6602,15.28,162.18
2018-01-11,6708.4902,14.77,163.29
2018-01-12,6758.54,14.57,164.49
2018-01-16,6737.1401,16.34,164.02
2018-01-17,6810.2798,16.2,165.79
2018-01-18,6811.3799,16.95,165.82
2018-01-19,6834.3301,16.15,166.34
2018-01-22,6906.2798,16.29,168.12
2018-01-23,6963.46,16.75,169.51
2018-01-24,6919.3501,17.9,168.41
2018-01-25,6916.2998,18.25,168.35
2018-01-26,7022.9702,17.52,170.93
2018-01-29,6988.3198,19.22,170.1
2018-01-30,6930.73,20.35,168.7
2018-01-31,6949.9902,19.65,169.4
2018-02-01,6901.5,19.15,167.96
2018-02-02,6760.29,20.66,164.61
2018-02-05,6495.9199,33.02,158.12
2018-02-06,6665.98,26.7,162.31
2018-02-07,6582.02,24.73,160.21
2018-02-08,6306.1001,33.89,153.45
2018-02-09,6412.6802,29.62,156.1
2018-02-12,6523.8501,24.94,158.87
2018-02-13,6553.8599,23.71,159.69
2018-02-14,6675.0298,20.87,162.68
2018-02-15,6794.9199,20.85,165.7
2018-02-16,6770.6602,20.46,164.96
2018-02-20,6779.6899,21.67,165.29
2018-02-21,6759.2598,22.49,164.82
2018-02-22,6761.8501,20.91,164.8
2018-02-23,6896.6001,18.16,168.17
2018-02-26,6989.1001,18.12,170.4
2018-02-27,6900.3501,20.49,168.29
2018-02-28,6854.4199,22.01,167.21
2018-03-01,6750.54,24.74,164.48
2018-03-02,6811.04,21.53,165.99
2018-03-05,6881.2798,20.6,167.83
2018-03-06,6913.02,20.6,168.54
2018-03-07,6929.3901,20.43,168.93
2018-03-08,6966.4302,19.26,169.86
2018-03-09,7101.1802,17.3,173.16
2018-03-12,7131.1201,17.56,174.08
2018-03-13,7046.5098,19.24,171.71
2018-03-14,7040.98,19.52,171.68
2018-03-15,7030.9702,18.45,171.53
2018-03-16,7019.9502,17.64,171.02
2018-03-19,6864.8799,22.06,167.1
2018-03-20,6885.9199,22.13,167.65
2018-03-21,6853.4502,22.06,166.92
2018-03-22,6682.2598,26.63,162.8
2018-03-23,6508.0898,28.35,158.51
2018-03-26,6753.8301,25.15,164.4
2018-03-27,6529.8398,29.01,159.08
2018-03-28,6460.8101,30.19,157.25
2018-03-29,6581.1299,26.68,160.13
2018-04-02,6390.8398,29.92,155.51
2018-04-03,6458.8301,28.05,157.26
2018-04-04,6560.0601,26.29,159.74
2018-04-05,6594.8398,25.03,160.65
2018-04-06,6433.21,27.43,156.63
2018-04-09,6472.3398,26.95,157.73
2018-04-10,6615.8701,25.15,161.21
2018-04-11,6583.4399,24.69,160.28
2018-04-12,6656.2598,22.9,162.21
2018-04-13,6628.3398,22.06,161.37
2018-04-16,6675.1802,20.45,162.6
2018-04-17,6816.3701,19.43,166.1
2018-04-18,6833.21,19.38,166.44
2018-04-19,6774.8901,20.16,164.91
2018-04-20,6667.75,21.63,162.3
2018-04-23,6648.7998,22.12,161.89
2018-04-24,6509.0498,23.62,158.46
2018-04-25,6513.9399,23.07,158.65
2018-04-26,6649.6499,20.36,161.99
2018-04-27,6656.3501,20.52,162.09
2018-04-30,6605.5698,21.06,160.94
2018-05-01,6681.96,19.71,162.78
2018-05-02,6644.48,19.76,161.82
2018-05-03,6643.48,19.65,161.8
2018-05-04,6769.1201,18.41,164.87
2018-05-07,6821.8701,18.71,166.24
2018-05-08,6815.48,18.48,166.07
2018-05-09,6893.21,17.62,167.88
2018-05-10,6963.5498,16.38,169.62
2018-05-11,6952.5601,16.19,169.46
2018-05-14,6964.3701,16.08,169.75
2018-05-15,6888.54,17.51,167.87
2018-05-16,6929.9702,16.71,168.98
2018-05-17,6901.6299,17.19,168.33
2018-05-18,6866.25,16.87,167.46
2018-05-21,6905.5298,16.92,168.4
2018-05-22,6893.6201,16.92,168.18
2018-05-23,6953.6299,16.27,169.6
2018-05-24,6949.7002,15.82,169.55
2018-05-25,6960.9199,16.06,169.72
2018-05-29,6926.54,18.42,168.97
2018-05-30,6976.3701,17.07,170.18
2018-05-31,6967.73,16.78,170.07
2018-06-01,7083.9302,15.11,172.74
2018-06-04,7143.5698,15.49,174.3
2018-06-05,7166.75,15.33,174.84
2018-06-06,7210.0801,15.51,175.86
2018-06-07,7152.8301,16.45,174.43
2018-06-08,7152.6201,16.51,174.44
2018-06-11,7168.48,16.45,174.91
2018-06-12,7209.1802,15.7,175.83
2018-06-13,7205.2598,16.32,175.82
2018-06-14,7279.5898,15.94,177.6
2018-06-15,7255.7598,15.42,176.98
2018-06-18,7251.4102,16.82,176.5
2018-06-19,7228.04,17.29,176.0
2018-06-20,7280.7002,16.89,177.25
2018-06-21,7217.4902,18.89,175.71
2018-06-22,7197.5098,18.38,175.32
2018-06-25,7038.1699,21.94,171.37
2018-06-26,7068.2002,20.51,172.07
2018-06-27,6969.6699,22.75,169.73
2018-06-28,7031.6001,21.76,171.19
2018-06-29,7040.7998,20.88,171.65
2018-07-02,7097.8198,20.81,172.8
2018-07-03,7014.5498,21.79,170.8
2018-07-05,7101.0498,20.35,172.92
2018-07-06,7207.3301,18.72,175.61
2018-07-09,7276.0,17.91,177.19
2018-07-10,7282.6001,17.9,177.32
2018-07-11,7243.98,18.27,176.42
2018-07-12,7366.25,17.12,179.46
2018-07-13,7375.8198,16.88,179.61
2018-07-16,7357.8999,17.72,179.18
2018-07-17,7403.8901,16.71,180.27
2018-07-18,7390.1299,16.53,179.93
2018-07-19,7352.3599,17.35,179.03
2018-07-20,7350.23,17.11,178.99
2018-07-23,7371.7798,16.49,179.56
2018-07-24,7406.25,17.13,180.3
2018-07-25,7508.5898,16.67,182.82
2018-07-26,7400.75,16.87,180.05
2018-07-27,7296.7798,18.72,177.62
2018-07-30,7193.1001,20.44,175.11
2018-07-31,7231.98,19.17,176.45
2018-08-01,7272.8901,18.49,177.12
2018-08-02,7372.1499,16.31,179.53
2018-08-03,7395.4902,15.81,180.08
2018-08-06,7438.9902,15.47,181.14
2018-08-07,7462.6499,14.76,181.8
2018-08-08,7469.5498,14.83,182.02
2018-08-09,7466.96,14.91,181.91
2018-08-10,7408.2998,16.22,180.52
2018-08-13,7401.1699,16.52,180.32
2018-08-14,7447.1699,15.16,181.45
2018-08-15,7354.6602,17.19,179.23
2018-08-16,7374.29,16.43,179.82
2018-08-17,7377.54,15.86,179.86
2018-08-20,7371.4199,16.29,179.7
2018-08-21,7397.23,16.22,180.36
2018-08-22,7424.6001,15.64,181.06
2018-08-23,7413.8398,15.79,180.8
2018-08-24,7485.3999,15.16,182.48
2018-08-27,7559.1299,15.6,184.34
2018-08-28,7570.25,15.42,184.61
2018-08-29,7660.1802,15.27,186.74
2018-08-30,7642.6699,16.02,186.41
2018-08-31,7654.5498,16.04,186.65
2018-09-04,7622.3198,17.1,185.85
2018-09-05,7523.2598,18.65,183.45
2018-09-06,7453.1699,19.17,181.81
2018-09-07,7430.2598,19.76,181.11
2018-09-10,7447.6802,19.04,181.72
2018-09-11,7507.8701,17.83,183.12
2018-09-12,7488.0601,17.47,182.58
2018-09-13,7561.6899,16.45,184.53
2018-09-14,7545.5,16.12,183.99
2018-09-17,7434.73,18.5,181.34
2018-09-18,7494.3999,17.35,182.84
2018-09-19,7490.3198,16.9,182.7
2018-09-20,7569.0298,16.2,184.72
2018-09-21,7531.0698,16.84,183.71
2018-09-24,7548.75,17.25,183.89
2018-09-25,7563.1899,17.07,184.14
2018-09-26,7563.0898,17.4,184.27
2018-09-27,7629.5698,16.75,185.83
2018-09-28,7627.6499,16.58,185.79
2018-10-01,7645.4502,17.09,186.17
2018-10-02,7628.2798,17.55,185.75
2018-10-03,7637.4302,17.5,185.95
2018-10-04,7490.0,20.12,182.38
2018-10-05,7399.0098,21.5,180.15
2018-10-08,7352.8198,22.19,179.05
2018-10-09,7371.6201,21.62,179.63
2018-10-10,7044.5,27.53,171.73
2018-10-11,6964.0298,27.76,169.6
2018-10-12,7157.21,24.69,174.32
2018-10-15,7068.6699,26.81,172.21
2018-10-16,7276.4302,22.51,177.22
2018-10-17,7278.6299,22.93,177.29
2018-10-18,7116.0898,26.08,173.18
2018-10-19,7107.23,25.77,173.02
2018-10-22,7141.21,25.16,173.91
2018-10-23,7118.6699,25.26,173.27
2018-10-24,6789.1499,30.25,165.34
2018-10-25,7016.3901,29.54,171.06
2018-10-26,6852.3999,29.87,166.66
2018-10-29,6713.8999,31.75,163.23
2018-10-30,6810.1201,30.73,165.92
2018-10-31,6967.1001,29.12,169.82
2018-11-01,7069.1699,26.12,172.06
2018-11-02,6965.29,26.65,169.38
2018-11-05,6937.0898,27.26,168.96
2018-11-06,6988.8501,26.17,170.24
2018-11-07,7203.1299,22.39,175.58
2018-11-08,7158.5898,22.86,174.46
2018-11-09,7039.1499,24.27,171.52
2018-11-12,6829.1001,28.11,166.33
2018-11-13,6830.9102,27.68,166.47
2018-11-14,6769.8701,28.37,165.2
2018-11-15,6890.4502,26.05,168.09
2018-11-16,6867.02,24.38,167.5
2018-11-19,6642.9199,27.44,162.06
2018-11-20,6526.96,28.77,159.16
2018-11-21,6575.6602,26.96,160.37
2018-11-23,6527.3501,27.93,159.21
2018-11-26,6678.3398,26.02,162.89
2018-11-27,6701.04,24.73,163.44
2018-11-28,6913.3301,24.11,168.7
2018-11-29,6892.3999,24.33,168.15
2018-11-30,6949.0098,24.02,169.37
2018-12-03,7062.1299,21.7,172.33
2018-12-04,6795.21,25.38,165.72
2018-12-06,6838.8501,25.97,166.89
2018-12-07,6613.2798,28.03,161.38
2018-12-10,6682.7402,27.2,163.07
2018-12-11,6704.2402,26.77,163.61
2018-12-12,6763.96,26.3,165.05
2018-12-13,6767.9702,25.8,165.1
2018-12-14,6594.96,27.62,161.08
2018-12-17,6448.3901,30.07,157.43
2018-12-18,6491.52,29.31,158.42
2018-12-19,6342.9702,29.43,154.53
2018-12-20,6243.1899,31.0,152.29
2018-12-21,6046.5601,33.87,147.57
2018-12-24,5899.3501,38.68,143.5
2018-12-26,6262.77,33.7,152.46
2018-12-27,6288.2998,34.37,153.05
2018-12-28,6285.27,34.2,152.97
2018-12-31,6329.9702,31.44,154.26
2019-01-02,6360.8701,30.09,154.88
2019-01-03,6147.1299,32.18,149.82
2019-01-04,6422.6699,28.57,156.23
2019-01-07,6488.25,28.53,158.09
2019-01-08,6551.8501,27.66,159.52
2019-01-09,6600.6899,26.42,160.82
2019-01-10,6620.9399,25.91,161.28
2019-01-11,6601.3999,24.78,160.69
2019-01-14,6541.04,25.74,159.27
2019-01-15,6669.6401,23.66,162.38
2019-01-16,6668.5601,24.07,162.35
2019-01-17,6718.4502,23.34,163.63
2019-01-18,6784.6099,21.89,165.25
2019-01-22,6646.8101,25.02,161.94
2019-01-23,6658.7598,24.5,162.15
2019-01-24,6702.5498,23.49,163.2
2019-01-25,6787.3701,21.78,165.15
2019-01-28,6697.0898,23.43,163.11
2019-01-29,6632.79,23.86,161.57
2019-01-30,6807.9102,21.18,165.68
2019-01-31,6906.8398,20.24,168.16
2019-02-01,6875.52,19.8,167.45
2019-02-04,6959.96,19.68,169.53
2019-02-05,7023.52,19.47,171.03
2019-02-06,6997.6201,19.74,170.52
2019-02-07,6904.98,20.92,168.23
2019-02-08,6913.1299,20.04,168.56
2019-02-11,6909.1802,20.07,168.4
2019-02-12,7014.6699,18.69,170.89
2019-02-13,7015.8799,19.0,171.01
2019-02-14,7022.4199,19.02,171.22
2019-02-15,7055.1802,17.7,171.94
2019-02-19,7066.6099,18.1,172.28
2019-02-20,7062.3398,18.02,172.25
2019-02-21,7035.1602,18.19,171.62
2019-02-22,7090.6299,16.95,172.89
2019-02-25,7115.4302,17.81,173.52
2019-02-26,7123.2202,18.11,173.7
2019-02-27,7117.0,17.6,173.59
2019-02-28,7097.5298,17.17,173.19
2019-03-01,7151.5698,16.12,174.39
2019-03-04,7150.8301,17.36,174.42
2019-03-05,7156.79,17.06,174.55
2019-03-06,7112.4702,18.23,173.56
2019-03-07,7026.8799,19.59,171.43
2019-03-08,7015.6899,19.12,171.17
2019-03-11,7164.02,16.36,174.73
2019-03-12,7201.2798,15.76,175.69
2019-03-13,7256.98,15.38,177.01
2019-03-14,7243.0098,15.65,176.71
2019-03-15,7306.9902,15.12,178.35
2019-03-18,7326.2798,16.18,178.45
2019-03-19,7349.2798,16.73,179.05
2019-03-20,7380.75,16.64,179.76
2019-03-21,7493.27,16.59,182.57
2019-03-22,7326.0601,19.83,178.56
2019-03-25,7316.96,19.44,178.22
2019-03-26,7351.1499,18.63,179.05
2019-03-27,7308.1899,18.74,177.9
2019-03-28,7320.4702,17.99,178.31
2019-03-29,7378.77,16.62,179.66
2019-04-01,7478.4199,16.31,182.04
2019-04-02,7499.6401,16.33,182.73
2019-04-03,7544.9702,16.62,183.78
2019-04-04,7540.5698,16.79,183.71
2019-04-05,7578.8398,16.17,184.66
2019-04-08,7599.7402,16.82,185.13
2019-04-09,7568.4902,17.65,184.48
2019-04-10,7611.4902,16.76,185.47
2019-04-11,7594.8901,16.66,185.03
2019-04-12,7628.1499,15.63,185.83
2019-04-15,7629.1201,15.93,185.86
2019-04-16,7654.73,15.88,186.5
2019-04-17,7680.7202,15.86,187.15
2019-04-18,7689.7202,15.15,187.39
2019-04-22,7713.4902,15.74,187.92
2019-04-23,7810.71,16.15,190.31
2019-04-24,7784.4102,16.67,189.71
2019-04-25,7816.9199,16.49,190.48
2019-04-26,7826.6802,15.79,190.65
2019-04-29,7839.04,16.44,191.02
2019-04-30,7781.46,16.6,189.54
2019-05-01,7751.8501,17.93,188.93
2019-05-02,7724.0601,17.62,188.11
2019-05-03,7845.73,15.98,191.11
2019-05-06,7794.0898,18.7,189.94
2019-05-07,7640.1499,22.86,186.24
2019-05-08,7617.5498,22.52,185.77
2019-05-09,7582.75,22.03,184.77
2019-05-10,7586.5298,19.1,185.0
2019-05-13,7324.1299,25.25,178.58
2019-05-14,7401.8799,22.23,180.54
2019-05-15,7503.25,19.92,183.09
2019-05-16,7580.1401,18.4,184.93
2019-05-17,7503.6802,19.39,183.04
2019-05-20,7376.7002,21.64,179.95
2019-05-21,7451.02,19.58,181.83
2019-05-22,7420.6602,19.84,181.02
2019-05-23,7307.9302,21.31,178.25
2019-05-24,7300.96,20.63,178.16
2019-05-28,7278.3799,21.83,177.49
2019-05-29,7216.8599,22.23,176.03
2019-05-30,7245.3999,21.68,176.77
2019-05-31,7127.96,23.23,173.95
2019-06-03,6978.02,24.22,170.12
2019-06-04,7166.75,21.49,174.91
2019-06-05,7220.8999,20.87,176.21
2019-06-06,7275.9302,20.32,177.61
2019-06-07,7417.29,19.93,181.04
2019-06-10,7501.9302,19.98,183.15
2019-06-11,7513.8501,20.22,183.4
2019-06-12,7472.29,20.58,182.34
2019-06-13,7510.6802,20.03,183.42
2019-06-14,7479.1099,19.85,182.64
2019-06-17,7526.52,20.04,183.74
2019-06-18,7635.3999,19.51,186.41
2019-06-19,7667.7402,18.8,187.11
2019-06-20,7738.0498,18.71,188.85
2019-06-21,7728.7798,19.18,188.57
2019-06-24,7723.02,19.46,188.16
2019-06-25,7591.54,20.77,184.93
2019-06-26,7627.0498,20.46,185.79
2019-06-27,7657.0498,20.07,186.5
2019-06-28,7671.0801,19.76,186.74
2019-07-01,7768.1401,17.64,189.26
2019-07-02,7799.8198,16.29,190.01
2019-07-03,7857.6899,16.15,191.44
2019-07-05,7841.2998,16.47,191.05
2019-07-08,7785.79,17.77,189.71
2019-07-09,7826.8599,17.42,190.66
2019-07-10,7903.3999,16.43,192.56
2019-07-11,7896.7798,16.64,192.42
2019-07-12,7943.2402,16.25,193.53
2019-07-15,7966.9302,16.22,194.15
2019-07-16,7927.0801,16.66,193.15
2019-07-17,7888.7598,18.0,192.2
2019-07-18,7904.1299,17.01,192.42
2019-07-19,7834.8999,17.69,191.01
2019-07-22,7905.1201,17.07,192.53
2019-07-23,7954.5601,16.07,193.79
2019-07-24,8010.6099,15.41,195.15
2019-07-25,7929.8701,16.02,193.3
2019-07-26,8016.9502,15.42,195.29
2019-07-29,7989.0801,16.35,194.62
2019-07-30,7952.4702,17.53,193.78
2019-07-31,7848.7798,18.78,191.1
2019-08-01,7801.1499,21.06,190.15
2019-08-02,7692.7998,21.37,187.35
2019-08-05,7415.6899,27.56,180.73
2019-08-06,7521.3198,24.27,183.26
2019-08-07,7551.8999,23.47,184.25
2019-08-08,7724.8301,21.14,188.26
2019-08-09,7646.27,21.77,186.49
2019-08-12,7561.6802,25.18,184.35
2019-08-13,7728.1499,21.82,188.39
2019-08-14,7490.1299,26.38,182.76
2019-08-15,7484.8901,24.79,182.55
2019-08-16,7604.1099,21.51,185.48
2019-08-19,7719.3198,20.43,188.43
2019-08-20,7664.4702,21.27,186.97
2019-08-21,7733.2202,19.81,188.63
2019-08-22,7707.4302,20.83,188.02
2019-08-23,7464.9902,23.66,182.07
2019-08-26,7575.02,23.24,184.82
2019-08-27,7566.0298,24.11,184.43
2019-08-28,7587.8999,23.12,185.09
2019-08-29,7702.3101,21.25,187.92
2019-08-30,7691.0,22.39,187.47
2019-09-03,7609.5098,23.37,185.65
2019-09-04,7719.25,21.44,188.33
2019-09-05,7862.54,19.91,191.78
2019-09-06,7852.54,18.82,191.59
2019-09-09,7832.3999,19.42,191.19
2019-09-10,7814.7402,19.57,190.64
2019-09-11,7887.5801,18.6,192.43
2019-09-12,7917.3398,17.88,193.23
2019-09-13,7892.9502,18.13,192.54
2019-09-16,7852.4102,19.04,191.68
2019-09-17,7888.79,18.58,192.6
2019-09-18,7888.5601,18.04,192.52
2019-09-19,7901.79,17.55,192.84
2019-09-20,7823.5498,19.11,190.8
2019-09-23,7818.6099,18.64,190.5
2019-09-24,7710.04,20.45,187.97
2019-09-25,7803.54,19.14,190.08
2019-09-26,7771.9902,19.41,189.38
2019-09-27,7681.5801,20.89,187.03
2019-09-30,7749.4502,20.03,188.81
2019-10-01,7684.1401,21.95,187.27
2019-10-02,7550.79,23.71,184.05
2019-10-03,7638.3901,22.33,186.07
2019-10-04,7754.1001,20.24,188.81
2019-10-07,7725.1299,21.63,188.24
2019-10-08,7604.27,23.4,185.42
2019-10-09,7690.5298,21.88,187.23
2019-10-10,7740.3599,21.0,188.68
2019-10-11,7843.8799,19.44,191.11
2019-10-14,7842.3301,18.61,191.09
2019-10-15,7942.8501,17.18,193.52
2019-10-16,7920.21,17.58,193.04
2019-10-17,7942.1401,17.39,193.55
2019-10-18,7868.4902,17.82,191.69
2019-10-21,7940.3301,17.39,193.39
2019-10-22,7874.6201,18.34,191.85
2019-10-23,7889.4702,17.78,192.22
2019-10-24,7966.7202,17.35,194.09
2019-10-25,8029.2202,16.17,195.64
2019-10-28,8110.6699,16.81,197.57
2019-10-29,8047.5098,17.47,196.04
2019-10-30,8083.1099,16.71,196.99
2019-10-31,8083.8301,17.36,197.08
2019-11-01,8161.1699,16.27,198.87
2019-11-04,8210.6602,16.56,200.1
2019-11-05,8210.1797,17.08,200.21
2019-11-06,8196.0303,16.45,199.76
2019-11-07,8219.6504,16.66,200.43
2019-11-08,8255.8896,16.17,201.23
2019-11-11,8241.9102,16.04,200.96
2019-11-12,8263.79,15.86,201.54
2019-11-13,8259.8096,16.24,201.59
2019-11-14,8257.8301,15.85,201.43
2019-11-15,8315.5195,14.57,202.91
2019-11-18,8328.4805,14.94,203.07
2019-11-19,8338.7402,15.25,203.37
2019-11-20,8283.75,15.61,202.15
2019-11-21,8265.6201,16.07,201.7
2019-11-22,8272.0498,15.6,201.83
2019-11-25,8371.9297,15.08,204.22
2019-11-26,8385.75,14.78,204.61
2019-11-27,8444.71,14.86,206.04
2019-11-29,8403.6797,15.84,205.1
2019-12-02,8309.2598,18.07,203.0
2019-12-03,8254.7402,19.16,201.41
2019-12-04,8296.5303,18.33,202.43
2019-12-05,8308.4004,17.97,202.83
2019-12-06,8397.3701,16.44,205.0
2019-12-09,8362.7402,18.15,204.07
2019-12-10,8354.29,18.02,203.9
2019-12-11,8402.6104,17.41,204.98
2019-12-12,8466.8896,16.55,206.51
2019-12-13,8487.71,15.09,207.19
2019-12-16,8570.3301,14.02,209.27
2019-12-17,8575.7002,14.42,209.39
2019-12-18,8580.6201,14.75,209.55
2019-12-19,8641.29,14.42,210.86
2019-12-20,8678.4902,14.47,211.71
2019-12-23,8696.0098,15.16,211.81
2019-12-24,8699.5098,15.14,211.92
2019-12-26,8778.3096,15.07,213.79
2019-12-27,8770.9805,16.36,213.61
2019-12-30,8709.7305,17.9,212.21
2019-12-31,8733.0703,16.89,212.61
2020-01-02,8872.2197,16.0,216.16
2020-01-03,8793.9004,16.95,214.18
2020-01-06,8848.5195,17.19,215.56
2020-01-07,8846.4502,17.15,215.53
2020-01-08,8912.3701,16.93,217.15
2020-01-09,8989.6299,16.04,218.99
2020-01-10,8966.6396,16.48,218.43
2020-01-13,9070.6504,15.57,220.95
2020-01-14,9033.4199,15.83,220.08
2020-01-15,9035.6699,15.54,220.17
2020-01-16,9125.0,14.95,222.28
2020-01-17,9173.7305,14.97,223.38
2020-01-21,9166.6299,16.22,223.28
2020-01-22,9188.5801,16.49,223.87
2020-01-23,9216.9805,16.23,224.59
2020-01-24,9141.4697,18.07,222.7
2020-01-27,8952.1797,21.46,218.1
2020-01-28,9090.9297,19.61,221.45
2020-01-29,9101.6104,19.57,221.81
2020-01-30,9136.0898,17.75,222.6
2020-01-31,8991.5098,21.33,219.07
2020-02-03,9126.2305,20.4,222.38
2020-02-04,9334.0596,18.45,227.47
2020-02-05,9367.4805,18.52,228.22
2020-02-06,9445.9199,18.41,230.19
2020-02-07,9401.0996,19.42,229.2
2020-02-10,9516.8398,19.31,231.97
2020-02-11,9517.8604,19.66,232.01
2020-02-12,9613.2002,18.04,234.27
2020-02-13,9595.7002,18.46,233.97
2020-02-14,9623.5801,17.95,234.64
2020-02-18,9629.7998,19.12,234.73
2020-02-19,9718.7305,18.58,236.98
2020-02-20,9627.8301,20.33,234.78
2020-02-21,9446.6904,22.46,230.27
2020-02-24,9079.6299,29.23,221.39
2020-02-25,8834.8701,31.03,215.37
2020-02-26,8873.7598,30.38,216.48
2020-02-27,8436.6699,41.0,205.64
2020-02-28,8461.8301,43.13,205.8
2020-03-02,8877.9805,35.1,216.42
2020-03-03,8594.4902,39.33,209.48
2020-03-04,8949.2803,33.54,218.22
2020-03-05,8671.6602,41.4,211.59
2020-03-06,8530.3398,43.97,208.02
2020-03-09,7948.0298,53.68,193.57
2020-03-10,8372.2695,47.43,204.11
2020-03-11,8006.1201,50.7,195.22
2020-03-12,7263.6499,67.83,177.32
2020-03-13,7995.2598,51.84,192.34
2020-03-16,7020.3799,80.08,169.3
2020-03-17,7473.9502,71.55,182.14
2020-03-18,7175.1802,74.22,176.6
2020-03-19,7288.52,69.12,177.66
2020-03-20,6994.29,63.85,170.7
2020-03-23,7006.9199,58.36,170.46
2020-03-24,7553.8301,56.95,183.66
2020-03-25,7469.6201,60.99,182.3
2020-03-26,7897.1299,57.6,191.9
2020-03-27,7588.3701,61.38,185.3
2020-03-30,7889.0098,55.04,192.04
2020-03-31,7813.5,51.29,190.4
2020-04-01,7486.29,54.29,182.31
2020-04-02,7635.6602,48.91,186.01
2020-04-03,7528.1099,44.87,183.37
2020-04-06,8081.6602,42.93,196.48
2020-04-07,8049.3101,44.69,196.4
2020-04-08,8229.54,42.34,200.57
2020-04-09,8238.5303,41.36,200.86
2020-04-13,8332.7402,41.34,203.03
2020-04-14,8692.1602,38.33,211.86
2020-04-15,8591.96,40.85,209.43
2020-04-16,8757.8301,40.36,213.25
2020-04-17,8832.4102,38.37,215.29
2020-04-20,8726.5098,43.85,212.74
2020-04-21,8403.0,45.37,204.89
2020-04-22,8664.6396,42.37,210.97
2020-04-23,8641.5,41.66,210.52
2020-04-24,8786.5996,36.5,213.84
2020-04-27,8837.6602,35.26,215.56
2020-04-28,8677.5996,36.61,211.5
2020-04-29,8982.7598,32.85,219.0
2020-04-30,9000.5098,35.28,218.91
2020-05-01,8718.1797,37.76,212.74
2020-05-04,8834.1104,36.86,215.22
2020-05-05,8930.6201,35.37,217.66
2020-05-06,8984.8604,35.6,219.0
2020-05-07,9101.8799,33.58,221.82
2020-05-08,9220.3496,30.64,224.86
2020-05-11,9298.9199,28.82,226.87
2020-05-12,9112.4502,33.3,222.12
2020-05-13,9000.0801,36.12,219.34
2020-05-14,9094.4199,33.79,221.83
2020-05-15,9152.6396,33.49,223.27
2020-05-18,9331.9297,30.22,227.43
2020-05-19,9298.54,30.74,226.86
2020-05-20,9485.0195,29.12,231.39
2020-05-21,9377.9902,30.73,228.87
2020-05-22,9413.9902,29.36,229.66
2020-05-26,9389.9805,29.42,229.04
2020-05-27,9442.0498,29.52,230.29
2020-05-28,9416.71,29.68,229.99
2020-05-29,9555.5303,27.96,233.36
2020-06-01,9598.8896,28.99,234.06
2020-06-02,9657.3096,27.68,235.63
2020-06-03,9704.6904,27.45,236.69
2020-06-04,9629.6602,27.43,235.03
2020-06-05,9824.3896,25.53,239.69
2020-06-08,9901.5195,26.8,241.55
2020-06-09,9967.1699,28.7,243.3
2020-06-10,10094.2598,29.32,246.22
2020-06-11,9588.4805,36.81,234.02
2020-06-12,9663.7803,35.49,235.88
2020-06-15,9776.8896,33.67,238.75
2020-06-16,9949.3701,32.69,242.85
2020-06-17,9982.4805,32.91,243.62
2020-06-18,10012.0498,31.57,244.28
2020-06-19,10008.6396,32.54,244.24
2020-06-22,10130.3301,31.38,246.74
2020-06-23,10209.8203,31.23,248.84
2020-06-24,10002.7002,33.58,243.71
2020-06-25,10101.8301,31.81,246.03
2020-06-26,9849.3604,33.81,240.22
2020-06-29,9961.1602,32.3,242.84
2020-06-30,10156.8496,30.75,247.6
2020-07-01,10279.25,29.51,250.49
2020-07-02,10341.8896,28.6,252.19
2020-07-06,10604.0596,30.2,258.39
2020-07-07,10524.0098,31.72,256.61
2020-07-08,10666.7002,31.05,259.99
2020-07-09,10754.5898,32.68,262.18
2020-07-10,10836.3301,32.02,263.97
2020-07-13,10602.21,37.6,258.54
2020-07-14,10689.5195,37.61,260.37
2020-07-15,10701.6797,35.84,260.9
2020-07-16,10626.46,34.42,259.12
2020-07-17,10645.2197,30.77,259.42
2020-07-20,10952.0801,30.91,266.78
2020-07-21,10833.0703,30.91,264.0
2020-07-22,10870.75,30.46,264.93
2020-07-23,10580.5898,32.75,258.01
2020-07-24,10483.1299,32.61,255.56
2020-07-27,10674.3799,31.55,260.12
2020-07-28,10532.5,31.83,256.81
2020-07-29,10662.9805,30.13,259.77
2020-07-30,10715.5098,30.2,261.13
2020-07-31,10905.8799,27.93,265.79
2020-08-03,11055.0801,29.27,269.38
2020-08-04,11096.54,29.12,270.38
2020-08-05,11125.4404,28.5,271.05
2020-08-06,11267.0801,28.53,274.64
2020-08-07,11139.3896,29.76,271.47
2020-08-10,11085.1699,29.86,270.31
2020-08-11,10876.0801,31.87,265.19
2020-08-12,11157.7197,30.16,271.86
2020-08-13,11178.3701,29.84,272.48
2020-08-14,11164.4502,29.15,272.16
2020-08-17,11288.5703,27.73,275.32
2020-08-18,11399.0303,26.9,277.97
2020-08-19,11318.6396,28.88,276.1
2020-08-20,11477.0498,28.44,279.93
2020-08-21,11555.1602,28.62,281.87
2020-08-24,11626.1699,29.83,283.63
2020-08-25,11721.8096,29.11,285.86
2020-08-26,11971.9404,32.1,291.96
2020-08-27,11926.1602,33.32,291.05
2020-08-28,11995.8496,32.8,292.53
2020-08-31,12110.7002,34.55,294.88
2020-09-01,12292.8604,34.67,299.92
2020-09-02,12420.54,36.8,302.76
2020-09-03,11771.3701,42.09,287.41
2020-09-04,11622.1299,41.74,283.58
2020-09-08,11068.2598,41.02,269.95
2020-09-09,11395.8496,38.25,277.88
2020-09-10,11154.1201,37.92,272.34
2020-09-11,11087.4004,35.27,270.45
2020-09-14,11277.7598,33.56,275.16
2020-09-15,11438.8701,33.79,279.06
2020-09-16,11247.5996,35.48,274.61
2020-09-17,11080.9502,36.27,270.32
2020-09-18,10936.9805,36.04,266.87
2020-09-21,10980.2197,36.43,267.51
2020-09-22,11186.3701,35.24,272.48
2020-09-23,10833.3301,37.25,264.16
2020-09-24,10896.4697,36.99,265.39
2020-09-25,11151.1299,34.93,271.56
2020-09-28,11364.4502,34.66,277.2
2020-09-29,11322.9502,35.25,275.95
2020-09-30,11418.0596,35.42,277.84
2020-10-01,11583.2002,34.99,282.25
2020-10-02,11255.6904,36.44,274.31
2020-10-05,11509.0596,35.67,280.16
2020-10-06,11291.2695,36.67,275.16
2020-10-07,11503.1904,35.61,279.92
2020-10-08,11550.9404,34.43,281.41
2020-10-09,11725.8496,32.6,285.71
2020-10-12,12088.1104,33.44,294.53
2020-10-13,12083.1699,34.48,294.52
2020-10-14,11985.3604,34.04,292.06
2020-10-15,11898.5703,34.54,290.1
2020-10-16,11852.1699,35.02,288.51
2020-10-19,11634.3496,36.14,283.8
2020-10-20,11677.8398,35.25,284.41
2020-10-21,11665.3701,35.08,284.19
2020-10-22,11662.9102,34.28,284.18
2020-10-23,11692.5703,33.45,284.74
2020-10-26,11504.5195,37.41,280.47
2020-10-27,11598.9502,36.56,282.66
2020-10-28,11142.7598,43.39,271.64
2020-10-29,11350.7402,40.08,276.39
2020-10-30,11052.9502,41.3,269.38
2020-11-02,11084.7598,40.9,269.98
2020-11-03,11279.9102,38.38,274.65
2020-11-04,11777.0195,33.36,286.91
2020-11-05,12078.0703,32.82,294.39
2020-11-06,12091.3496,30.01,294.61
2020-11-09,11830.3896,31.32,288.59
2020-11-10,11624.29,32.53,283.42
2020-11-11,11892.9297,30.29,289.76
2020-11-12,11827.1396,30.91,288.4
2020-11-13,11937.8398,29.03,290.93
2020-11-16,12013.3799,27.37,293.2
2020-11-17,11977.4902,27.31,292.27
2020-11-18,11894.71,27.47,290.11
2020-11-19,11985.4297,26.81,292.38
2020-11-20,11906.4404,26.91,290.38
2020-11-23,11905.9404,26.64,290.39
2020-11-24,12079.8096,25.99,294.47
2020-11-25,12152.2197,25.69,296.28
2020-11-27,12258.21,26.12,299.01
2020-11-30,12268.3203,26.68,299.62
2020-12-01,12455.3301,27.41,303.46
2020-12-02,12456.4102,27.55,303.85
2020-12-03,12467.1299,27.39,304.28
2020-12-04,12528.4805,27.02,305.52
2020-12-07,12596.4697,27.2,307.25
2020-12-08,12635.7197,26.08,308.29
2020-12-09,12364.6396,29.32,301.31
2020-12-10,12401.7402,29.15,302.52
2020-12-11,12375.4102,29.0,301.85
2020-12-14,12462.21,29.44,304.04
2020-12-15,12595.9199,28.1,307.29
2020-12-16,12668.1602,27.85,308.98
2020-12-17,12752.0596,27.04,311.0
2020-12-18,12738.1797,26.91,310.06
2020-12-21,12690.2598,28.35,308.92
2020-12-22,12717.5596,27.94,309.76
2020-12-23,12653.1396,27.33,308.2
2020-12-24,12711.0098,25.94,309.56
2020-12-28,12838.8604,25.91,312.68
2020-12-29,12843.4902,26.82,312.96
2020-12-30,12845.3604,26.29,312.97
2020-12-31,12888.2803,26.93,313.74
2021-01-04,12694.6602,30.13,309.31
2021-01-05,12802.3799,28.42,311.86
2021-01-06,12623.3496,29.27,307.54
2021-01-07,12939.5703,26.99,314.98
2021-01-08,13105.2002,27.93,319.03
2021-01-11,12902.4902,28.92,314.42
2021-01-12,12892.0898,28.33,313.92
2021-01-13,12973.6299,27.36,316.04
2021-01-14,12898.6904,28.55,314.35
2021-01-15,12803.9297,29.17,311.86
2021-01-19,12996.54,27.71,316.41
2021-01-20,13296.4502,26.79,323.77
2021-01-21,13404.9902,27.01,326.36
2021-01-22,13366.4004,28.07,325.42
2021-01-25,13483.29,28.73,328.11
2021-01-26,13490.1904,29.2,328.59
2021-01-27,13112.6504,39.61,319.43
2021-01-28,13201.5303,35.05,321.32
2021-01-29,12925.3799,37.44,314.56
2021-02-01,13248.9004,34.24,322.42
2021-02-02,13456.1201,29.49,327.68
2021-02-03,13402.3701,29.03,326.38
2021-02-04,13560.8896,27.09,330.24
2021-02-05,13603.96,25.46,331.36
2021-02-08,13695.0195,26.18,333.58
2021-02-09,13687.0801,26.6,333.51
2021-02-10,13655.2695,27.41,332.75
2021-02-11,13734.3496,27.07,334.58
2021-02-12,13807.7002,26.36,336.45
2021-02-16,13773.7695,28.52,335.54
2021-02-17,13699.71,28.26,333.93
2021-02-18,13637.5098,27.59,332.47
2021-02-19,13580.7803,27.74,331.02
2021-02-22,13223.7402,31.02,322.44
2021-02-23,13194.71,30.62,321.48
2021-02-24,13302.1904,28.67,324.13
2021-02-25,12828.3096,36.16,312.83
2021-02-26,12909.4404,34.06,314.14
2021-03-01,13282.9502,28.67,323.59
2021-03-02,13059.9502,30.11,318.4
2021-03-03,12683.3301,33.92,309.16
2021-03-04,12464.0,34.83,304.1
2021-03-05,12668.5098,31.89,308.68
2021-03-08,12299.0801,33.87,299.94
2021-03-09,12794.4902,32.15,311.77
2021-03-10,12752.0703,31.52,310.88
2021-03-11,13052.9004,30.04,318.04
2021-03-12,12937.29,30.1,315.46
2021-03-15,13082.54,28.72,318.83
2021-03-16,13152.2803,29.27,320.58
2021-03-17,13202.3799,27.98,321.9
2021-03-18,12789.1396,30.61,312.04
2021-03-19,12866.9902,29.65,313.14
2021-03-22,13086.5098,26.7,318.61
2021-03-23,13017.79,27.83,317.22
2021-03-24,12798.8799,28.97,311.87
2021-03-25,12780.5098,27.63,311.33
2021-03-26,12979.1201,25.64,316.0
2021-03-29,12965.7402,26.94,315.91
2021-03-30,12896.5303,26.39,314.32
2021-03-31,13091.4404,24.89,319.13
2021-04-01,13329.5195,23.21,324.57
2021-04-05,13598.1602,23.93,331.05
2021-04-06,13578.46,23.86,330.82
2021-04-07,13616.7002,23.43,331.62
2021-04-08,13758.5098,23.49,335.08
2021-04-09,13845.0596,23.23,337.11
2021-04-12,13819.3496,22.49,336.67
2021-04-13,13986.4902,22.11,340.6
2021-04-14,13803.9102,22.64,336.51
2021-04-15,14026.1904,21.68,341.61
2021-04-16,14041.9102,20.51,342.01
2021-04-19,13907.6699,22.82,338.88
2021-04-20,13809.2998,24.37,336.41
2021-04-21,13935.1504,22.82,339.29
2021-04-22,13762.3604,24.0,335.2
2021-04-23,13941.4404,22.32,339.42
2021-04-26,14026.1602,22.57,341.63
2021-04-27,13960.2803,22.71,340.15
2021-04-28,13901.6201,22.36,339.0
2021-04-29,13970.2002,22.42,340.22
2021-04-30,13860.7598,22.9,337.99
2021-05-03,13799.7197,23.34,336.19
2021-05-04,13544.6699,25.7,330.14
2021-05-05,13503.3701,25.66,329.03
2021-05-06,13613.7305,24.83,331.51
2021-05-07,13719.6299,22.79,334.2
2021-05-10,13359.0801,26.59,325.76
2021-05-11,13351.2695,27.86,325.31
2021-05-12,13001.6299,31.87,316.89
2021-05-13,13109.1504,29.02,319.34
2021-05-14,13393.1201,24.99,326.39
2021-05-17,13312.9102,25.59,324.41
2021-05-18,13217.6797,26.14,322.22
2021-05-19,13237.9102,26.66,322.59
2021-05-20,13494.0898,24.24,328.83
2021-05-21,13411.7402,24.3,327.01
2021-05-24,13641.75,22.76,332.51
2021-05-25,13657.7305,23.4,332.97
2021-05-26,13702.7402,22.35,334.13
2021-05-27,13657.8496,22.12,332.88
2021-05-28,13686.5098,21.44,333.93
2021-06-01,13654.5898,22.68,332.82
2021-06-02,13675.79,22.01,333.47
2021-06-03,13529.6797,23.25,330.0
2021-06-04,13770.7695,21.22,335.6
2021-06-07,13802.8896,21.37,336.6
2021-06-08,13810.8604,21.58,336.76
2021-06-09,13814.9404,22.01,336.84
2021-06-10,13960.3496,19.98,340.35
2021-06-11,13998.2998,19.16,341.24
2021-06-14,14128.2002,20.06,344.51
2021-06-15,14030.4102,20.93,342.26
2021-06-16,13983.0098,21.46,341.01
2021-06-17,14163.8096,20.35,345.34
2021-06-18,14049.5801,22.43,342.63
2021-06-21,14137.2305,20.78,344.36
2021-06-22,14270.4199,20.0,347.57
2021-06-23,14274.2402,19.82,347.74
2021-06-24,14365.96,19.6,349.89
2021-06-25,14345.1797,19.31,349.46
2021-06-28,14524.9805,19.58,353.71
2021-06-29,14572.75,20.09,354.99
2021-06-30,14554.7998,20.14,354.43
2021-07-01,14560.0498,20.07,354.57
2021-07-02,14727.6299,19.28,358.64
2021-07-06,14786.3604,21.0,360.19
2021-07-07,14810.54,21.11,360.95
2021-07-08,14722.1396,23.6,358.77
2021-07-09,14826.0898,21.23,361.01
2021-07-12,14877.8896,19.68,362.42
2021-07-13,14874.54,20.87,362.42
2021-07-14,14900.4404,19.99,363.07
2021-07-15,14794.6904,20.11,360.52
2021-07-16,14681.3799,21.06,357.6
2021-07-19,14549.0898,23.44,354.67
2021-07-20,14728.21,21.68,358.79
2021-07-21,14842.6299,20.4,361.56
2021-07-22,14940.1699,19.78,363.95
2021-07-23,15111.79,19.06,368.2
2021-07-26,15125.9502,20.37,368.49
2021-07-27,14956.9697,22.84,364.43
2021-07-28,15018.0996,20.96,365.83
2021-07-29,15048.3604,20.55,366.48
2021-07-30,14959.9004,20.81,364.57
2021-08-02,14963.6201,21.49,364.6
2021-08-03,15061.4199,20.52,366.81
2021-08-04,15083.3896,20.68,367.34
2021-08-05,15181.6396,20.19,369.67
2021-08-06,15109.3604,19.61,368.05
2021-08-09,15133.1104,19.69,368.73
2021-08-10,15053.5801,20.38,366.84
2021-08-11,15027.7598,20.13,366.21
2021-08-12,15088.9805,19.4,367.53
2021-08-13,15136.6797,18.52,368.82
2021-08-16,15140.7695,19.05,368.98
2021-08-17,15002.8301,21.17,365.73
2021-08-18,14857.9199,24.35,362.21
2021-08-19,14933.9404,23.52,363.96
2021-08-20,15092.5703,20.97,367.73
2021-08-23,15312.8203,19.8,373.23
2021-08-24,15357.6797,19.86,374.37
2021-08-25,15368.9199,19.6,374.8
2021-08-26,15278.5195,21.37,372.42
2021-08-27,15432.9502,18.54,376.04
2021-08-30,15605.0898,19.08,380.26
2021-08-31,15582.5098,19.48,379.95
2021-09-01,15611.5703,19.84,380.58
2021-09-02,15604.25,20.03,380.4
2021-09-03,15652.8604,19.75,381.57
2021-09-07,15675.7598,20.96,382.11
2021-09-08,15620.8496,20.81,380.78
2021-09-09,15561.0498,21.45,379.47
2021-09-10,15440.75,22.75,376.59
2021-09-13,15434.5,21.6,376.33
2021-09-14,15382.9004,21.68,375.26
2021-09-15,15503.5303,20.12,378.05
2021-09-16,15515.9102,20.17,378.31
2021-09-17,15333.4697,22.27,373.83
2021-09-20,15012.1904,27.23,365.7
2021-09-21,15027.7695,26.42,366.15
2021-09-22,15176.5098,22.97,369.57
2021-09-23,15316.5801,21.22,372.98
2021-09-24,15329.6797,20.93,373.33
2021-09-27,15204.8203,21.83,370.35
2021-09-28,14770.2998,27.35,359.87
2021-09-29,14752.8896,26.71,359.28
2021-09-30,14689.6201,26.65,357.96
2021-10-01,14791.8701,24.87,360.18
2021-10-04,14472.1201,27.72,352.62
2021-10-05,14674.1504,25.45,357.38
2021-10-06,14766.75,24.87,359.67
2021-10-07,14897.1299,23.22,362.97
2021-10-08,14820.75,23.16,361.16
2021-10-11,14713.7305,23.49,358.39
2021-10-12,14662.1104,23.41,357.14
2021-10-13,14774.5996,21.23,360.0
2021-10-14,15052.4199,19.09,366.63
2021-10-15,15146.9199,18.51,368.94
2021-10-18,15300.8896,18.83,372.65
2021-10-19,15410.7197,18.31,375.47
2021-10-20,15388.71,18.73,374.98
2021-10-21,15489.5898,18.63,377.27
2021-10-22,15355.0703,19.12,374.1
2021-10-25,15514.1904,18.8,377.93
2021-10-26,15559.4902,19.38,379.12
2021-10-27,15598.3896,20.12,380.0
2021-10-28,15778.1602,19.75,384.22
2021-10-29,15850.4697,19.64,386.11
2021-11-01,15905.2803,19.73,387.43
2021-11-02,15972.4902,19.73,389.05
2021-11-03,16144.5,19.43,393.18
2021-11-04,16346.2402,20.26,398.22
2021-11-05,16359.3799,21.57,398.6
2021-11-08,16336.0303,21.88,398.06
2021-11-09,16219.9404,22.69,395.32
2021-11-10,15985.5703,23.27,389.51
2021-11-11,16032.4697,22.37,390.59
2021-11-12,16199.8896,21.42,394.7
2021-11-15,16189.1201,21.71,394.61
2021-11-16,16309.7695,21.28,397.42
2021-11-17,16308.0703,21.56,397.63
2021-11-18,16482.9707,21.39,401.75
2021-11-19,16573.3398,21.75,403.99
2021-11-22,16380.9805,23.5,399.3
2021-11-23,16306.7197,24.43,397.48
2021-11-24,16367.8096,23.82,398.76
2021-11-26,16025.5801,28.45,391.2
2021-11-29,16399.2402,24.63,399.69
2021-11-30,16135.9199,27.39,393.82
2021-12-01,15877.7197,30.95,387.12
2021-12-02,15990.7598,29.78,389.91
2021-12-03,15712.04,33.41,383.13
2021-12-06,15846.1602,30.17,386.2
2021-12-07,16325.6602,25.79,397.83
2021-12-08,16394.3398,24.82,399.61
2021-12-09,16149.5703,26.42,393.73
2021-12-10,16331.9805,23.95,398.01
2021-12-13,16082.5498,24.04,392.26
2021-12-14,15914.9004,25.31,388.2
2021-12-15,16289.5898,23.42,397.05
2021-12-16,15863.9404,25.24,386.84
2021-12-17,15801.46,26.55,384.91
2021-12-20,15627.6396,27.88,380.69
2021-12-21,15986.2803,24.96,389.21
2021-12-22,16180.1396,22.15,393.95
2021-12-23,16308.21,21.32,396.92
2021-12-27,16567.5,21.72,403.48
2021-12-28,16488.6602,21.54,401.61
2021-12-29,16491.0098,21.28,401.55
2021-12-30,16429.0996,21.38,400.35
2021-12-31,16320.0801,21.2,397.85
2022-01-03,16501.7695,21.17,401.68
2022-01-04,16279.7305,22.32,396.47
2022-01-05,15771.7803,25.98,384.29
2022-01-06,15765.3604,25.81,384.02
2022-01-07,15592.1904,25.65,379.86
2022-01-10,15614.4297,25.83,380.11
2022-01-11,15844.1201,24.28,385.82
2022-01-12,15905.0996,23.44,387.35
2022-01-13,15495.6201,27.05,377.66
2022-01-14,15611.5898,25.72,380.01
2022-01-18,15210.7598,29.36,370.55
2022-01-19,15047.8398,29.02,366.48
2022-01-20,14846.46,30.61,361.72
2022-01-21,14438.4004,34.06,351.69
2022-01-24,14509.5801,35.55,353.3
2022-01-25,14149.1201,38.2,345.11
2022-01-26,14172.7598,38.1,344.57
2022-01-27,14003.1104,36.64,341.1
2022-01-28,14454.6104,33.31,351.8
2022-01-31,14930.0498,30.16,363.05
2022-02-01,15019.6797,28.0,365.52
2022-02-02,15139.7402,29.58,368.49
2022-02-03,14501.1104,31.24,353.55
2022-02-04,14694.3496,30.32,358.01
2022-02-07,14571.25,30.02,355.13
2022-02-08,14747.0303,28.33,359.12
2022-02-09,15056.96,26.87,366.73
2022-02-10,14705.6396,30.07,358.43
2022-02-11,14253.8398,34.16,347.06
2022-02-14,14268.5898,34.07,347.49
2022-02-15,14620.8203,31.16,356.13
2022-02-16,14603.6396,29.45,356.04
2022-02-17,14171.7402,33.21,345.45
2022-02-18,14009.54,33.05,341.51
2022-02-22,13870.5303,33.13,338.08
2022-02-23,13509.4297,35.27,329.42
2022-02-24,13974.6699,34.02,340.49
2022-02-25,14189.1602,31.19,345.77
2022-02-28,14237.8096,32.72,346.8
2022-03-01,14005.9902,35.22,341.49
2022-03-02,14243.6904,33.05,347.22
2022-03-03,14035.21,33.34,342.26
2022-03-04,13837.8301,34.89,337.3
2022-03-07,13319.3799,38.73,324.86
2022-03-08,13267.6104,38.02,323.35
2022-03-09,13742.2002,35.34,334.99
2022-03-10,13591.0,34.23,331.27
2022-03-11,13301.8301,34.85,324.4
2022-03-14,13046.6396,36.55,318.17
2022-03-15,13458.5596,34.65,328.15
2022-03-16,13956.79,30.81,340.32
2022-03-17,14118.5996,29.51,344.44
2022-03-18,14420.0801,27.76,351.49
2022-03-21,14376.0898,28.66,350.08
2022-03-22,14654.3301,27.71,356.96
2022-03-23,14447.5498,28.84,351.83
2022-03-24,14765.6904,27.89,359.65
2022-03-25,14754.3096,27.34,359.35
2022-03-28,14987.4004,26.53,364.91
2022-03-29,15239.3203,25.87,371.19
2022-03-30,15071.5498,26.4,367.09
2022-03-31,14838.4902,26.99,362.54
2022-04-01,14861.21,25.91,361.85
2022-04-04,15159.5801,24.93,369.3
2022-04-05,14820.6396,27.4,361.1
2022-04-06,14498.8896,28.91,353.26
2022-04-07,14531.8096,28.48,354.1
2022-04-08,14327.2598,28.06,349.15
2022-04-11,13990.21,30.75,340.89
2022-04-12,13940.2402,30.38,339.45
2022-04-13,14217.29,26.85,346.35
2022-04-14,13893.21,28.86,338.43
2022-04-18,13910.7598,29.53,338.69
2022-04-19,14210.2598,29.1,346.26
2022-04-20,13998.5303,28.47,341.21
2022-04-21,13720.4502,31.37,334.15
2022-04-22,13356.8701,35.39,325.4
2022-04-25,13533.2197,33.83,329.58
2022-04-26,13009.71,38.93,317.14
2022-04-27,13003.3604,36.91,316.76
2022-04-28,13456.0596,35.49,328.01
2022-04-29,12854.7998,38.25,313.25
2022-05-02,13075.8496,37.81,318.48
2022-05-03,13089.9004,36.0,318.82
2022-05-04,13535.71,31.98,329.6
2022-05-05,12850.5498,37.19,313.0
2022-05-06,12693.5303,37.4,309.25
2022-05-09,12187.7197,41.43,297.15
2022-05-10,12345.8604,40.08,300.76
2022-05-11,11967.5596,40.67,291.84
2022-05-12,11945.5,41.36,291.15
2022-05-13,12387.4004,37.61,301.94
2022-05-16,12243.5801,37.44,298.44
2022-05-17,12564.0996,33.88,306.17
2022-05-18,11928.3096,38.81,291.14
2022-05-19,11875.6299,36.15,289.58
2022-05-20,11835.6201,36.18,288.68
2022-05-23,12034.2803,35.18,293.48
2022-05-24,11769.8398,36.17,287.24
2022-05-25,11943.9297,35.38,291.26
2022-05-26,12276.79,33.63,299.33
2022-05-27,12681.4199,32.0,309.1
2022-05-31,12642.0996,33.01,308.28
2022-06-01,12548.3604,32.6,306.0
2022-06-02,12892.8896,31.44,314.38
2022-06-03,12548.0303,31.75,306.2
2022-06-06,12599.6299,32.16,307.22
2022-06-07,12711.6797,31.03,309.87
2022-06-08,12615.1299,30.69,307.64
2022-06-09,12269.7803,32.73,299.4
2022-06-10,11832.8203,33.97,288.84
2022-06-13,11288.3203,40.36,275.41
2022-06-14,11311.6904,38.51,275.91
2022-06-15,11593.7695,35.35,282.8
2022-06-16,11127.5703,38.67,271.39
2022-06-17,11265.9902,36.66,274.69
2022-06-21,11546.7598,36.06,281.08
2022-06-22,11527.71,35.94,280.67
2022-06-23,11697.6797,35.3,284.85
2022-06-24,12105.8496,33.77,294.61
2022-06-27,12008.2402,33.56,292.45
2022-06-28,11637.7695,35.43,283.54
2022-06-29,11658.2598,35.33,283.8
2022-06-30,11503.7197,36.21,280.28
2022-07-01,11585.6797,34.27,282.13
2022-07-05,11779.9004,34.86,286.96
2022-07-06,11852.5898,33.75,288.8
2022-07-07,12109.0498,32.81,294.98
2022-07-08,12125.6904,31.18,295.35
2022-07-11,11860.2803,32.93,289.04
2022-07-12,11744.9902,33.97,286.24
2022-07-13,11728.5303,33.67,285.65
2022-07-14,11768.4004,32.64,286.67
2022-07-15,11983.6201,30.39,291.87
2022-07-18,11877.5,31.58,289.4
2022-07-19,12249.4199,30.66,298.3
2022-07-20,12439.6797,30.58,303.03
2022-07-21,12619.4102,29.31,307.38
2022-07-22,12396.4697,29.19,301.99
2022-07-25,12328.4102,29.42,300.27
2022-07-26,12086.9004,30.91,294.37
2022-07-27,12601.4697,29.59,306.81
2022-07-28,12717.8701,28.48,309.81
2022-07-29,12947.9697,27.25,315.46
2022-08-01,12940.7803,28.75,315.27
2022-08-02,12901.5996,30.0,314.33
2022-08-03,13253.2598,27.98,322.89
2022-08-04,13311.04,27.81,324.4
2022-08-05,13207.6904,27.13,321.75
2022-08-08,13159.1602,27.65,320.71
2022-08-09,13008.1699,28.41,317.08
2022-08-10,13378.3203,25.72,325.93
2022-08-11,13291.9902,26.13,324.08
2022-08-12,13565.8701,25.18,330.39
2022-08-15,13667.1797,25.4,333.06
2022-08-16,13635.21,25.55,332.28
2022-08-17,13470.8604,26.33,328.49
2022-08-18,13505.9902,25.52,329.28
2022-08-19,13242.9004,26.74,322.86
2022-08-22,12890.54,29.65,314.36
2022-08-23,12881.79,29.69,314.1
2022-08-24,12917.8604,28.96,315.01
2022-08-25,13143.5801,28.08,320.58
2022-08-26,12605.1699,31.72,307.44
2022-08-29,12484.3203,32.3,304.41
2022-08-30,12342.7002,32.12,301.02
2022-08-31,12272.0303,32.19,299.27
2022-09-01,12274.6201,32.26,299.4
2022-09-02,12098.4404,32.32,295.17
2022-09-06,12011.3096,33.59,293.05
2022-09-07,12259.3896,31.56,298.97
2022-09-08,12321.1904,30.48,300.52
2022-09-09,12588.29,29.23,307.09
2022-09-12,12739.7197,29.81,310.74
2022-09-13,12033.6201,33.18,293.7
2022-09-14,12134.4004,32.57,296.03
2022-09-15,11927.4902,32.65,291.1
2022-09-16,11861.3799,32.83,289.32
2022-09-19,11953.2695,32.36,291.05
2022-09-20,11851.54,33.3,288.73
2022-09-21,11637.79,33.87,283.56
2022-09-22,11501.6504,32.92,280.07
2022-09-23,11311.2402,34.88,275.51
2022-09-26,11254.1104,36.93,274.37
2022-09-27,11271.75,37.15,274.48
2022-09-28,11493.8301,35.51,279.94
2022-09-29,11164.7803,36.91,271.87
2022-09-30,10971.2197,36.61,267.26
2022-10-03,11229.7305,35.56,273.53
2022-10-04,11582.54,34.42,282.13
2022-10-05,11573.1797,34.33,281.98
2022-10-06,11485.5,35.84,279.76
2022-10-07,11039.4697,36.86,269.1
2022-10-10,10926.9697,38.57,266.41
2022-10-11,10791.3496,39.38,262.75
2022-10-12,10785.6201,39.51,262.66
2022-10-13,11033.5801,38.27,268.82
2022-10-14,10692.0596,37.75,260.74
2022-10-17,11062.5303,37.07,269.35
2022-10-18,11147.7402,36.11,271.48
2022-10-19,11103.3799,36.37,270.49
2022-10-20,11046.71,35.77,269.11
2022-10-21,11310.3301,35.25,275.42
2022-10-24,11430.2598,35.5,278.45
2022-10-25,11669.9902,34.14,284.21
2022-10-26,11405.9004,33.28,277.93
2022-10-27,11191.6299,33.82,272.87
2022-10-28,11546.21,31.86,281.22
2022-10-31,11405.5703,31.16,277.95
2022-11-01,11288.9502,31.99,275.11
2022-11-02,10906.3398,32.1,265.68
2022-11-03,10690.5996,31.79,260.49
2022-11-04,10857.0303,30.86,264.68
2022-11-07,10977.0,30.84,267.59
2022-11-08,11059.5,31.53,269.54
2022-11-09,10797.5498,32.49,263.32
2022-11-10,11605.96,30.35,282.75
2022-11-11,11817.0098,28.97,287.96
2022-11-14,11700.9404,30.02,285.44
2022-11-15,11871.1504,30.3,289.39
2022-11-16,11699.0898,30.05,285.44
2022-11-17,11676.8604,30.02,284.81
2022-11-18,11677.0195,29.25,284.82
2022-11-21,11553.4502,29.0,281.89
2022-11-22,11724.8398,27.79,285.95
2022-11-23,11838.7197,26.66,288.82
2022-11-25,11756.0303,26.79,286.92
2022-11-28,11587.75,28.31,282.71
2022-11-29,11503.4502,28.36,280.57
2022-11-30,12030.0596,26.46,293.36
2022-12-01,12041.8896,26.09,293.72
2022-12-02,11994.2598,24.78,292.55
2022-12-05,11786.7998,26.16,287.64
2022-12-06,11549.6904,27.53,281.68
2022-12-07,11497.3896,28.11,280.53
2022-12-08,11637.5,27.59,283.85
2022-12-09,11563.3301,27.94,282.04
2022-12-12,11706.4404,30.06,285.58
2022-12-13,11834.21,26.91,288.65
2022-12-14,11740.9199,25.75,286.51
2022-12-15,11345.2197,27.34,276.89
2022-12-16,11243.7197,27.33,274.25
2022-12-19,11084.5898,27.41,269.75
2022-12-20,11072.4199,26.65,269.54
2022-12-21,11235.8799,25.15,273.45
2022-12-22,10956.1396,27.35,266.76
2022-12-23,10985.4502,26.33,267.36
2022-12-27,10822.5098,27.78,263.58
2022-12-28,10679.3398,28.38,260.1
2022-12-29,10951.0498,27.36,266.44
2022-12-30,10939.7598,27.6,266.28
2023-01-03,10862.6396,29.11,264.48
2023-01-04,10914.7998,28.36,265.74
2023-01-05,10741.2197,28.81,261.58
2023-01-06,11040.3496,26.96,268.8
2023-01-09,11108.4502,27.86,270.54
2023-01-10,11205.7803,26.94,272.83
2023-01-11,11402.5195,27.34,277.55
2023-01-12,11459.6104,24.76,279.05
2023-01-13,11541.4805,23.82,280.97
2023-01-17,11557.1904,24.75,281.54
2023-01-18,11410.29,25.51,277.88
2023-01-19,11295.6699,25.28,275.15
2023-01-20,11619.0303,24.54,282.68
2023-01-23,11872.54,24.61,288.96
2023-01-24,11846.6396,24.55,288.37
2023-01-25,11814.6904,24.54,287.73
2023-01-26,12051.4805,25.01,293.34
2023-01-27,12166.5996,24.57,296.26
2023-01-30,11912.3896,26.25,290.27
2023-01-31,12101.9297,25.79,294.62
2023-02-01,12363.0996,24.04,300.92
2023-02-02,12803.1396,25.06,311.72
2023-02-03,12573.3604,25.4,306.18
2023-02-06,12464.5098,25.89,303.59
2023-02-07,12728.2695,25.46,309.88
2023-02-08,12495.3799,26.45,304.37
2023-02-09,12381.1699,27.64,301.68
2023-02-10,12304.9199,27.09,299.7
2023-02-13,12502.3096,27.26,304.5
2023-02-14,12590.8896,25.06,306.75
2023-02-15,12687.8896,24.09,309.1
2023-02-16,12442.4805,26.06,303.3
2023-02-17,12358.1797,25.82,301.16
2023-02-21,12060.2998,28.57,294.03
2023-02-22,12066.2695,28.02,294.25
2023-02-23,12180.1396,26.83,296.82
2023-02-24,11969.6504,27.18,291.85
2023-02-27,12057.79,26.65,293.94
2023-02-28,12042.1201,26.4,293.56
2023-03-01,11938.5703,26.48,291.2
2023-03-02,12044.8701,25.7,293.61
2023-03-03,12290.8096,24.36,299.68
2023-03-06,12302.4805,24.25,300.02
2023-03-07,12152.1699,24.65,296.34
2023-03-08,12215.3301,24.08,297.82
2023-03-09,11995.8799,26.55,292.66
2023-03-10,11830.2803,27.94,288.55
2023-03-13,11923.1699,29.39,290.69
2023-03-14,12199.79,26.72,297.37
2023-03-15,12251.3203,28.69,298.93
2023-03-16,12581.3896,26.62,306.81
2023-03-17,12519.8799,28.35,305.36
2023-03-20,12562.6104,27.55,305.97
2023-03-21,12741.4404,25.68,310.34
2023-03-22,12567.1504,26.6,306.12
2023-03-23,12729.2305,26.56,309.75
2023-03-24,12767.0498,25.78,310.89
2023-03-27,12673.0703,25.07,308.76
2023-03-28,12610.5703,24.5,307.12
2023-03-29,12846.0303,23.99,312.72
2023-03-30,12963.1396,23.99,315.68
2023-03-31,13181.3496,23.6,320.93
2023-04-03,13148.3496,23.67,320.15
2023-04-04,13100.0801,24.28,319.07
2023-04-05,12967.2002,24.62,315.92
2023-04-06,13062.5996,23.86,318.05
2023-04-10,13051.2305,24.56,317.87
2023-04-11,12964.1504,24.71,315.83
2023-04-12,12848.3496,24.49,313.04
2023-04-13,13109.3896,23.28,319.17
2023-04-14,13079.5195,22.22,318.57
2023-04-17,13087.71,21.91,318.84
2023-04-18,13091.79,21.41,318.86
2023-04-19,13088.71,21.24,318.71
2023-04-20,12985.9805,21.77,316.28
2023-04-21,13000.7695,21.29,316.61
2023-04-24,12969.7598,21.52,315.95
2023-04-25,12725.1104,22.97,309.99
2023-04-26,12806.4805,22.77,311.87
2023-04-27,13160.0303,21.05,320.35
2023-04-28,13245.9902,20.12,322.56
2023-05-01,13231.4697,20.19,322.19
2023-05-02,13113.6602,21.63,319.38
2023-05-03,13030.21,22.03,317.29
2023-05-04,12982.4805,23.14,316.17
2023-05-05,13259.1299,20.36,322.89
2023-05-08,13291.6396,20.31,323.69
2023-05-09,13201.1104,20.85,321.64
2023-05-10,13347.8301,19.76,325.14
2023-05-11,13389.7803,19.4,326.2
2023-05-12,13340.1797,19.53,325.03
2023-05-15,13413.5098,19.55,326.79
2023-05-16,13426.0098,19.84,327.16
2023-05-17,13589.2598,19.16,331.12
2023-05-18,13834.6201,19.32,337.27
2023-05-19,13803.4902,19.68,336.51
2023-05-22,13849.7402,19.97,337.64
2023-05-23,13672.54,20.99,333.36
2023-05-24,13604.4805,22.4,331.65
2023-05-25,13938.5303,21.69,339.72
2023-05-26,14298.4102,22.21,348.4
2023-05-30,14354.9902,22.42,349.98
2023-05-31,14254.0898,22.12,347.99
2023-06-01,14441.5098,20.46,352.01
2023-06-02,14546.6396,19.29,354.65
2023-06-05,14556.5,19.42,354.9
2023-06-06,14558.0898,18.54,354.84
2023-06-07,14303.29,19.21,348.82
2023-06-08,14484.54,18.66,353.15
2023-06-09,14528.3604,18.89,354.5
2023-06-12,14784.2998,20.46,360.49
2023-06-13,14900.8496,20.06,363.26
2023-06-14,15005.6904,19.72,365.9
2023-06-15,15185.4805,20.28,370.26
2023-06-16,15083.9199,19.55,367.93
2023-06-20,15070.1504,19.95,366.9
2023-06-21,14867.4502,19.29,361.9
2023-06-22,15042.3203,18.82,366.17
2023-06-23,14891.4805,19.29,362.54
2023-06-26,14689.0195,20.37,357.68
2023-06-27,14945.9102,20.08,363.83
2023-06-28,14964.5703,20.02,364.54
2023-06-29,14939.9502,19.98,363.81
2023-06-30,15179.21,19.55,369.42
2023-07-03,15208.6904,19.87,370.29
2023-07-05,15203.7803,19.91,370.28
2023-07-06,15089.4502,21.11,367.46
2023-07-07,15036.8496,20.6,366.24
2023-07-10,15045.6396,21.08,366.36
2023-07-11,15119.0596,20.9,368.17
2023-07-12,15307.2305,19.48,372.82
2023-07-13,15571.9805,19.78,379.15
2023-07-14,15565.5996,19.65,379.07
2023-07-17,15713.2803,19.43,382.61
2023-07-18,15841.3496,19.29,385.74
2023-07-19,15826.3496,19.68,385.65
2023-07-20,15466.0898,20.2,376.76
2023-07-21,15425.6699,19.61,375.63
2023-07-24,15448.0195,19.83,376.23
2023-07-25,15561.4199,19.71,378.78
2023-07-26,15499.2598,18.99,377.52
2023-07-27,15464.9297,19.83,376.62
2023-07-28,15750.9297,18.92,383.48
2023-07-31,15757.0,19.32,383.68
2023-08-01,15718.0098,19.67,382.79
2023-08-02,15370.7402,22.13,374.39
2023-08-03,15353.54,22.08,373.79
2023-08-04,15274.9199,22.02,372.04
2023-08-07,15407.8496,20.82,375.19
2023-08-08,15273.0498,21.07,372.0
2023-08-09,15101.71,21.5,367.91
2023-08-10,15128.8398,21.03,368.59
2023-08-11,15028.0703,20.45,366.24
2023-08-14,15205.5898,20.2,370.35
2023-08-15,15037.6504,21.37,366.42
2023-08-16,14876.4697,22.08,362.54
2023-08-17,14715.8096,22.71,358.58
2023-08-18,14694.8398,22.01,358.13
2023-08-21,14936.6904,21.89,363.9
2023-08-22,14908.96,21.82,363.38
2023-08-23,15148.0596,21.36,369.11
2023-08-24,14816.4404,22.58,361.22
2023-08-25,14941.8301,20.88,364.02
2023-08-28,15052.46,20.39,366.76
2023-08-29,15376.5498,19.33,374.77
2023-08-30,15462.4297,19.07,376.86
2023-08-31,15501.0703,18.74,377.99
2023-09-01,15490.8604,18.41,377.59
2023-09-05,15508.2402,19.4,378.07
2023-09-06,15371.4404,19.79,374.74
2023-09-07,15258.5195,19.95,372.06
2023-09-08,15280.2305,19.15,372.58
2023-09-11,15461.8701,18.84,376.97
2023-09-12,15289.7402,19.21,372.79
2023-09-13,15348.5303,18.07,374.21
2023-09-14,15473.8896,17.25,377.27
2023-09-15,15202.4004,18.69,370.81
2023-09-18,15225.3701,18.96,370.66
2023-09-19,15191.2305,19.21,369.87
2023-09-20,14969.9199,20.46,364.54
2023-09-21,14694.2402,22.48,357.86
2023-09-22,14701.0996,22.01,357.91
2023-09-25,14768.9004,21.65,359.61
2023-09-26,14545.8301,22.87,354.21
2023-09-27,14580.1602,22.34,355.04
2023-09-28,14702.7695,21.53,358.01
2023-09-29,14715.2402,21.28,358.27
2023-10-02,14837.5703,21.51,361.26
2023-10-03,14565.6201,23.77,354.92
2023-10-04,14776.25,22.68,359.75
2023-10-05,14723.2197,22.76,358.69
2023-10-06,14973.2402,21.41,364.7
2023-10-09,15047.1504,21.82,366.56
2023-10-10,15131.5195,21.13,368.59
2023-10-11,15241.1201,20.16,371.22
2023-10-12,15184.0996,20.63,369.93
2023-10-13,14995.1201,22.75,365.28
2023-10-16,15172.7305,21.39,369.41
2023-10-17,15122.0098,21.96,368.2
2023-10-18,14909.2598,23.44,363.37
2023-10-19,14783.1299,24.74,359.97
2023-10-20,14560.8799,25.31,354.6
2023-10-23,14604.8496,23.97,355.67
2023-10-24,14745.8604,22.34,359.13
2023-10-25,14381.6396,24.34,350.34
2023-10-26,14109.5703,24.85,343.66
2023-10-27,14180.4199,24.44,345.31
2023-10-30,14335.5098,23.61,349.2
2023-10-31,14409.7803,22.46,350.87
2023-11-01,14664.9102,20.68,356.96
2023-11-02,14919.5498,19.54,363.44
2023-11-03,15099.4902,18.62,367.71
2023-11-06,15154.9297,18.65,369.21
2023-11-07,15296.0195,18.45,372.7
2023-11-08,15313.2402,18.16,372.94
2023-11-09,15187.9004,19.01,370.07
2023-11-10,15529.1201,17.95,378.39
2023-11-13,15482.79,18.82,377.21
2023-11-14,15812.4697,17.89,385.33
2023-11-15,15817.1797,18.09,385.62
2023-11-16,15833.1699,17.83,385.95
2023-11-17,15837.9902,17.41,386.04
2023-11-20,16027.0596,17.14,390.74
2023-11-21,15933.6201,17.55,388.47
2023-11-22,16001.3896,16.66,390.06
2023-11-24,15982.0098,16.12,389.51
2023-11-27,15961.9805,16.44,389.17
2023-11-28,16010.4297,16.15,390.19
2023-11-29,15987.5996,16.52,389.81
2023-11-30,15947.8701,16.72,388.83
2023-12-01,15997.5801,16.21,389.94
2023-12-04,15839.6699,17.21,386.32
2023-12-05,15877.71,16.99,387.29
2023-12-06,15788.0498,17.03,385.05
2023-12-07,16022.4902,17.08,390.43
2023-12-08,16084.6904,15.94,392.17
2023-12-11,16221.7305,16.27,395.52
2023-12-12,16354.25,15.38,398.67
2023-12-13,16562.3691,15.35,403.74
2023-12-14,16537.8301,15.42,403.39
2023-12-15,16623.4492,15.47,405.34
2023-12-18,16729.8008,15.87,407.08
2023-12-19,16811.8496,15.8,409.16
2023-12-20,16554.1602,16.98,403.08
2023-12-21,16757.4102,17.18,407.77
2023-12-22,16777.4004,16.62,408.38
2023-12-26,16878.4609,17.0,410.88
2023-12-27,16906.8008,16.22,411.5
2023-12-28,16898.4707,16.36,411.3
2023-12-29,16825.9297,16.2,409.52
2024-01-02,16543.9395,17.59,402.59
2024-01-03,16368.4902,18.02,398.33
2024-01-04,16282.0098,17.89,396.28
2024-01-05,16305.9805,17.13,396.75
2024-01-08,16649.8691,16.86,404.95
2024-01-09,16678.6992,16.55,405.75
2024-01-10,16793.0508,16.6,408.5
2024-01-11,16820.9004,16.4,409.35
2024-01-12,16832.9199,16.54,409.56
2024-01-16,16830.7109,17.87,409.52
2024-01-17,16736.2793,18.7,407.21
2024-01-18,16982.2891,17.95,412.99
2024-01-19,17314.0,17.4,421.18
2024-01-22,17330.3809,17.2,421.73
2024-01-23,17404.2109,16.55,423.48
2024-01-24,17499.3008,16.96,425.83
2024-01-25,17516.9902,17.26,426.35
2024-01-26,17421.0098,17.03,423.81
2024-01-29,17596.2695,17.39,428.15
2024-01-30,17476.7109,17.57,425.3
2024-01-31,17137.2402,18.25,416.97
2024-02-01,17344.7109,17.33,421.88
2024-02-02,17642.7305,17.22,429.01
2024-02-05,17613.0391,17.57,428.45
2024-02-06,17572.7305,17.31,427.59
2024-02-07,17755.0703,16.94,431.99
2024-02-08,17783.1699,16.96,432.79
2024-02-09,17962.4102,16.86,437.05
2024-02-12,17882.6602,18.09,435.34
2024-02-13,17600.4199,19.49,428.55
2024-02-14,17807.6309,18.26,433.22
2024-02-15,17845.7207,17.85,434.51
2024-02-16,17685.9805,18.6,430.57
2024-02-20,17546.0996,19.78,427.32
2024-02-21,17478.9102,19.6,425.61
2024-02-22,18004.6992,18.39,438.07
2024-02-23,17937.6094,17.7,436.78
2024-02-26,17933.3301,17.83,436.55
2024-02-27,17971.0508,17.58,437.6
2024-02-28,17874.5,17.86,435.27
2024-02-29,18043.8496,17.21,439.0
2024-03-01,18302.9102,17.2,445.61
2024-03-04,18226.4805,17.6,444.02
2024-03-05,17897.8691,18.46,436.05
2024-03-06,18017.5703,18.54,438.79
2024-03-07,18297.9902,18.61,445.45
2024-03-08,18018.4492,19.04,439.02
2024-03-11,17951.6895,19.37,437.39
2024-03-12,18219.1094,18.13,443.66
2024-03-13,18068.4707,17.91,440.25
2024-03-14,18014.8105,18.61,439.14
2024-03-15,17808.25,19.25,433.92
2024-03-18,17985.0098,19.4,437.48
2024-03-19,18032.1992,18.78,438.57
2024-03-20,18240.1094,17.55,443.77
2024-03-21,18320.3809,17.38,445.87
2024-03-22,18339.4395,17.04,446.38
2024-03-25,18277.0605,17.23,444.76
2024-03-26,18210.5391,17.1,443.32
2024-03-27,18280.8398,16.61,444.83
2024-03-28,18254.6895,16.66,444.01
2024-04-01,18293.1992,17.56,444.95
2024-04-02,18121.7793,18.18,441.11
2024-04-03,18160.1895,18.04,442.1
2024-04-04,17878.7793,19.95,435.34
2024-04-05,18108.4609,19.23,440.47
2024-04-08,18100.1895,18.77,440.6
2024-04-09,18169.9004,18.56,442.23
2024-04-10,18011.6602,18.99,438.37
2024-04-11,18307.9805,18.4,445.37
2024-04-12,18003.4902,20.39,438.27
2024-04-15,17706.8301,22.84,431.06
2024-04-16,17713.6602,22.01,431.1
2024-04-17,17493.6191,22.21,425.84
2024-04-18,17394.3105,21.64,423.41
2024-04-19,17037.6504,22.95,414.65
2024-04-22,17210.8906,21.11,418.82
2024-04-23,17471.4707,19.84,425.07
2024-04-24,17526.8008,20.43,426.51
2024-04-25,17430.5,20.37,424.45
2024-04-26,17718.3008,19.33,431.0
2024-04-29,17782.7207,19.22,432.75
2024-04-30,17440.6895,18.43,424.59
2024-05-01,17318.5508,19.43,421.52
2024-05-02,17541.5391,18.73,426.9
2024-05-03,17890.8008,17.4,435.48
2024-05-06,18093.5703,17.42,440.25
2024-05-07,18091.4492,16.91,440.32
2024-05-08,18085.0098,16.8,440.06
2024-05-09,18113.4609,16.67,441.02
2024-05-10,18161.1797,16.46,442.06
2024-05-13,18198.6094,17.4,443.08
2024-05-14,18322.7695,17.29,445.93
2024-05-15,18596.6504,16.34,452.9
2024-05-16,18557.9609,16.26,451.98
2024-05-17,18546.2305,15.85,451.76
2024-05-20,18674.1895,15.92,454.91
2024-05-21,18713.8008,15.51,455.8
2024-05-22,18705.1992,16.4,455.71
2024-05-23,18623.3906,16.46,453.66
2024-05-24,18808.3496,15.66,457.95
2024-05-28,18869.4395,16.57,459.68
2024-05-29,18736.75,17.49,456.44
2024-05-30,18538.6602,17.77,451.55
2024-05-31,18536.6504,16.7,450.71
2024-06-03,18600.9707,16.89,453.13
2024-06-04,18654.8398,16.86,454.37
2024-06-05,19035.0508,16.63,463.53
2024-06-06,19021.1895,16.43,463.37
2024-06-07,19000.9492,15.88,462.96
2024-06-10,19074.6699,16.0,464.83
2024-06-11,19210.1797,15.83,468.02
2024-06-12,19465.1797,13.59,474.15
2024-06-13,19576.9199,15.1,476.72
2024-06-14,19659.8008,16.05,479.19
2024-06-17,19902.75,16.83,485.06
2024-06-18,19908.8594,16.7,485.21
2024-06-20,19752.3008,17.26,481.47
2024-06-21,19700.4297,16.95,480.18
2024-06-24,19474.6191,17.24,473.96
2024-06-25,19701.1309,16.7,479.38
2024-06-26,19751.0508,16.5,480.37
2024-06-27,19789.0293,16.29,481.61
2024-06-28,19682.8691,16.24,479.11
2024-07-01,19812.2207,16.08,481.92
2024-07-02,20011.8906,16.07,486.98
2024-07-03,20186.6309,16.28,491.04
2024-07-05,20391.9707,16.76,496.16
2024-07-08,20439.5391,17.03,497.34
2024-07-09,20453.0195,17.02,497.77
2024-07-10,20675.3809,17.28,502.96
2024-07-11,20211.3594,17.92,491.93
2024-07-12,20331.4902,17.26,494.82
2024-07-15,20386.8809,18.35,496.15
2024-07-16,20398.6191,18.35,496.34
2024-07-17,19799.1406,20.46,481.77
2024-07-18,19705.0898,21.26,479.49
2024-07-19,19522.6191,21.51,475.24
2024-07-22,19822.8691,19.97,482.32
2024-07-23,19754.3398,20.02,480.62
2024-07-24,19032.3906,23.06,463.38
2024-07-25,18830.5801,24.11,458.27
2024-07-26,19023.6602,22.41,462.97
2024-07-29,19059.4902,22.83,463.9
2024-07-30,18796.2695,23.94,457.53
2024-07-31,19362.4297,22.29,471.07
2024-08-01,18890.3906,24.71,459.66
2024-08-02,18440.8496,27.71,448.75
2024-08-05,17895.1602,35.1,435.37
2024-08-06,18077.9199,29.2,439.53
2024-08-07,17867.3691,29.02,434.77
2024-08-08,18413.8203,26.88,448.07
2024-08-09,18513.0996,24.94,450.41
2024-08-12,18542.0293,24.93,451.38
2024-08-13,19006.4297,23.26,462.58
2024-08-14,19022.6797,21.19,462.73
2024-08-15,19490.1504,20.28,474.42
2024-08-16,19508.5195,19.94,475.03
2024-08-19,19766.4902,19.93,481.27
2024-08-20,19719.8203,21.11,480.26
2024-08-21,19824.8398,21.22,482.5
2024-08-22,19491.8398,22.83,474.85
2024-08-23,19720.8691,21.11,480.0
2024-08-26,19516.4395,21.57,475.34
2024-08-27,19581.5195,20.91,476.76
2024-08-28,19350.7793,22.58,471.35
2024-08-29,19325.4492,20.58,470.66
2024-08-30,19574.6406,19.29,476.27
2024-09-03,18958.7402,23.59,461.81
2024-09-04,18921.4004,24.2,460.61
2024-09-05,18930.3301,23.54,461.04
2024-09-06,18421.3105,25.64,448.69
2024-09-09,18660.7793,23.92,454.46
2024-09-10,18829.1406,23.62,458.66
2024-09-11,19237.3008,22.16,468.62
2024-09-12,19423.0703,21.73,473.22
2024-09-13,19514.5898,21.28,475.34
2024-09-16,19423.0605,22.51,473.24
2024-09-17,19432.4004,22.69,473.49
2024-09-18,19344.4902,22.71,471.44
2024-09-19,19839.8301,21.09,483.36
2024-09-20,19791.4902,20.35,482.44
2024-09-23,19852.1992,19.54,483.04
2024-09-24,19944.8398,19.25,485.37
2024-09-25,19972.6094,19.07,485.82
2024-09-26,20115.5391,19.29,489.47
2024-09-27,20008.6191,20.04,486.75
2024-09-30,20060.6895,20.19,488.07
2024-10-01,19773.3008,21.67,481.27
2024-10-02,19802.5898,21.35,481.95
2024-10-03,19793.3398,22.48,481.59
2024-10-04,20035.0195,21.64,487.32
2024-10-07,19800.7402,24.34,482.1
2024-10-08,20107.7793,23.62,489.3
2024-10-09,20268.8594,23.42,493.15
2024-10-10,20241.7598,23.6,492.59
2024-10-11,20271.9707,23.29,493.36
2024-10-14,20439.0508,23.32,497.5
2024-10-15,20159.8301,24.54,490.85
2024-10-16,20174.0508,23.64,490.91
2024-10-17,20190.4199,22.85,491.25
2024-10-18,20324.0391,21.76,494.47
2024-10-21,20361.4707,21.96,495.42
2024-10-22,20390.4609,22.03,495.96
2024-10-23,20066.9609,22.92,488.36
2024-10-24,20232.8691,22.47,492.32
2024-10-25,20352.0195,23.24,495.32
2024-10-28,20351.0703,22.93,495.4
2024-10-29,20550.6504,22.44,500.16
2024-10-30,20387.6992,23.09,496.38
2024-10-31,19890.4199,24.86,483.85
2024-11-01,20033.1406,23.74,487.43
2024-11-04,19963.5996,23.88,486.01
2024-11-05,20227.4609,22.5,492.21
2024-11-06,20781.3301,18.86,505.58
2024-11-07,21101.5703,18.35,513.54
2024-11-08,21117.1797,17.88,514.14
2024-11-11,21106.5898,18.37,513.84
2024-11-12,21070.7891,18.12,512.91
2024-11-13,21036.1602,17.5,512.25
2024-11-14,20896.6699,17.7,508.69
2024-11-15,20394.1309,19.83,496.57
2024-11-18,20539.1895,19.77,500.02
2024-11-19,20684.5898,19.99,503.46
2024-11-20,20667.0996,20.85,503.17
2024-11-21,20740.7793,20.21,504.98
2024-11-22,20776.2305,18.57,505.79
2024-11-25,20804.8906,17.59,506.59
2024-11-26,20922.9004,16.8,509.31
2024-11-27,20744.4902,16.68,505.3
2024-11-29,20930.3691,16.07,509.74
2024-12-02,21164.5996,16.12,515.29
2024-12-03,21229.3203,15.76,516.87
2024-12-04,21492.3594,15.69,523.26
2024-12-05,21425.2207,15.69,521.81
2024-12-06,21622.25,15.15,526.48
2024-12-09,21440.8203,16.55,522.38
2024-12-10,21368.1797,16.54,520.6
2024-12-11,21763.9805,15.88,529.92
2024-12-12,21615.2695,16.36,526.5
2024-12-13,21780.25,16.61,530.53
2024-12-16,22096.6602,18.44,538.17
2024-12-17,22001.0801,19.44,535.8
2024-12-18,21209.3203,27.63,516.47
2024-12-19,21110.5098,26.33,514.17
2024-12-20,21289.1504,21.49,518.66
2024-12-23,21503.1699,19.03,522.87
2024-12-24,21797.6504,17.03,529.96
2024-12-26,21768.3105,17.53,529.6
2024-12-27,21473.0195,18.54,522.56
2024-12-30,21197.0898,19.79,515.61
2024-12-31,21012.1699,19.92,511.23
2025-01-02,20975.6191,20.5,510.23
2025-01-03,21326.1602,19.12,518.58
2025-01-06,21559.5,19.0,524.54
2025-01-07,21173.0391,20.73,515.18
2025-01-08,21180.9707,20.69,515.27
2025-01-10,20847.5801,21.73,507.19
2025-01-13,20784.7207,21.8,505.56
2025-01-14,20757.4102,21.45,505.08
2025-01-15,21237.8496,19.29,516.7
2025-01-16,21091.25,19.61,513.08
2025-01-17,21441.1602,18.96,521.74
2025-01-21,21566.5098,18.64,524.8
2025-01-22,21853.0,18.68,531.51
2025-01-23,21900.9297,18.38,532.64
2025-01-24,21774.0098,18.22,529.63
2025-01-27,21127.2793,21.61,514.21
2025-01-28,21463.0391,20.31,521.81
2025-01-29,21411.4609,20.6,520.83
2025-01-30,21508.1191,19.8,523.05
2025-01-31,21478.0508,20.11,522.29
2025-02-03,21297.5801,21.28,518.11
2025-02-04,21566.9199,20.03,524.47
2025-02-05,21658.1602,19.18,526.85
2025-02-06,21774.0703,18.58,529.6
2025-02-07,21491.3105,19.18,522.92
2025-02-10,21756.7305,18.84,529.25
2025-02-11,21693.5195,18.77,527.99
2025-02-12,21719.2598,18.69,528.3
2025-02-13,22030.7109,18.41,535.9
2025-02-14,22114.6895,18.03,538.15
2025-02-18,22164.6094,19.23,539.37
2025-02-19,22175.5996,19.0,539.52
2025-02-20,22068.0605,18.9,537.23
2025-02-21,21614.0801,20.96,526.08
2025-02-24,21352.0801,21.46,519.87
2025-02-25,21087.25,21.98,513.32
2025-02-26,21132.9199,21.94,514.56
2025-02-27,20550.9492,24.09,500.27
2025-02-28,20884.4102,22.66,508.17
2025-03-03,20425.5801,24.96,497.05
2025-03-04,20352.5293,25.22,495.55
2025-03-05,20628.4609,24.26,502.01
2025-03-06,20052.6309,26.23,488.2
2025-03-07,20201.3691,25.55,491.79
2025-03-10,19430.9492,28.84,472.73
2025-03-11,19376.9609,28.7,471.6
2025-03-12,19596.0195,26.82,476.92
2025-03-13,19225.4805,27.58,468.34
2025-03-14,19704.6406,25.79,479.66
2025-03-17,19812.2402,25.04,482.77
2025-03-18,19483.3594,25.85,474.54
2025-03-19,19736.6602,23.62,480.89
2025-03-20,19677.6094,23.38,479.26
2025-03-21,19753.9707,22.92,480.84
2025-03-24,20180.4492,21.27,490.66
2025-03-25,20287.8301,20.57,493.46
2025-03-26,19916.9902,22.04,484.38
2025-03-27,19798.6191,22.41,481.62
2025-03-28,19281.4004,25.06,468.94
2025-03-31,19278.4492,25.37,468.92
2025-04-01,19436.4199,24.8,472.7
2025-04-02,19581.7793,23.65,476.15
2025-04-03,18521.4707,30.57,450.66
2025-04-04,17397.6992,37.65,422.67
2025-04-07,17430.6797,38.64,423.69
2025-04-08,17090.4004,39.56,416.06
2025-04-09,19145.0605,34.8,466.0
2025-04-10,18343.5703,43.25,446.18
2025-04-11,18690.0508,39.95,454.4
2025-04-14,18796.0195,34.33,457.48
2025-04-15,18830.2305,32.71,457.99
2025-04-16,18257.6406,35.38,444.18
2025-04-17,18258.0898,32.83,444.1
2025-04-21,17808.3008,36.87,433.11
2025-04-22,18276.4102,33.98,444.48
2025-04-23,18693.2598,31.83,454.56
2025-04-24,19214.4004,29.96,467.35
2025-04-25,19432.5605,28.37,472.56
2025-04-28,19427.2891,28.54,472.41
2025-04-29,19544.9492,27.6,475.53
2025-04-30,19571.0195,27.8,475.47
2025-05-01,19786.7109,27.69,481.68
2025-05-02,20102.6094,25.73,488.83
2025-05-05,19967.9395,26.54,485.93
2025-05-06,19791.3496,27.11,481.41
2025-05-07,19867.9707,26.49,483.3
2025-05-08,20063.5605,25.97,488.29
2025-05-09,20061.4492,25.5,487.97
2025-05-12,20868.1504,22.28,507.85
2025-05-13,21197.6992,22.28,515.59
2025-05-14,21319.2109,22.66,518.68
2025-05-15,21335.8203,21.89,519.25
2025-05-16,21427.9395,21.2,521.51
2025-05-19,21447.0508,21.95,522.01
2025-05-20,21367.3691,22.07,520.27
2025-05-21,21080.3594,24.2,513.04
2025-05-22,21112.4707,23.63,514.0
2025-05-23,20915.6602,25.29,509.24
2025-05-27,21414.9902,22.32,521.22
2025-05-28,21318.1699,22.76,518.91
2025-05-29,21363.9492,21.8,519.93
2025-05-30,21340.9902,20.87,519.11
2025-06-02,21491.75,19.43,523.21
2025-06-03,21662.5801,18.74,527.3
2025-06-04,21721.9199,19.01,528.77
2025-06-05,21547.4297,21.48,524.79
2025-06-06,21761.7891,19.81,529.92
2025-06-09,21797.8691,20.17,530.7
2025-06-10,21941.9199,19.82,534.21
2025-06-11,21860.8008,20.38,532.41
2025-06-12,21913.3203,20.69,533.66
2025-06-13,21631.0391,22.41,526.96
2025-06-16,21937.5703,21.09,534.29
2025-06-17,21719.0801,23.31,529.08
2025-06-18,21719.6895,22.14,528.99
2025-06-20,21626.3906,22.23,526.83
2025-06-23,21856.3301,21.15,531.65
2025-06-24,22190.5195,19.46,539.78
2025-06-25,22237.7402,19.0,541.16
2025-06-26,22447.2891,18.99,546.22
2025-06-27,22534.1992,18.89,548.09
2025-06-30,22679.0098,19.56,551.64
2025-07-01,22478.1309,19.88,546.99
2025-07-02,22641.8906,19.74,550.8
2025-07-03,22866.9707,19.47,556.22
2025-07-07,22685.5703,20.68,552.03
2025-07-08,22702.25,19.53,552.34
2025-07-09,22864.9102,18.71,556.25
2025-07-10,22829.2598,18.76,555.45
2025-07-11,22780.5996,19.04,554.2
2025-07-14,22855.6309,19.78,556.21
2025-07-15,22884.5898,19.74,556.72
2025-07-16,22907.9707,19.54,557.29
2025-07-17,23081.0508,18.67,561.8
2025-07-18,23065.4707,18.61,561.26
2025-07-21,23180.0605,18.71,564.17
2025-07-22,23063.5801,18.95,561.25
2025-07-23,23162.4102,17.94,563.81
2025-07-24,23219.8691,17.72,565.01
2025-07-25,23272.25,17.16,566.37
2025-07-28,23356.2695,17.27,568.14
2025-07-29,23308.3008,18.21,567.26
2025-07-30,23345.4102,17.32,568.02
2025-07-31,23218.1191,19.23,565.01
2025-08-01,22763.3105,21.54,553.88
2025-08-04,23188.6094,19.24,564.1
2025-08-05,23018.5605,19.87,560.27
2025-08-06,23315.0391,18.77,567.32
2025-08-07,23389.5293,18.82,569.24
2025-08-08,23611.2695,17.29,574.55
2025-08-11,23526.6309,18.17,572.85
2025-08-12,23839.1992,16.84,580.05
2025-08-13,23849.0391,16.73,580.34
2025-08-14,23832.4395,17.08,579.89
2025-08-15,23712.0703,17.5,577.34
2025-08-18,23713.7598,17.75,577.11
2025-08-19,23384.7695,19.39,569.28
2025-08-20,23249.5703,20.0,565.9
2025-08-21,23142.5801,20.55,563.28
2025-08-22,23498.1191,18.06,571.97
2025-08-25,23425.6094,18.42,570.32
2025-08-26,23525.2891,18.19,572.61
2025-08-27,23565.8496,18.69,573.49
2025-08-28,23703.4492,17.62,577.08
2025-08-29,23415.4199,19.11,570.4
2025-09-02,23231.1094,20.36,565.62
2025-09-03,23414.8398,19.69,570.07
2025-09-04,23633.0098,18.79,575.23
2025-09-05,23652.4395,18.44,576.06
2025-09-08,23762.3008,18.35,578.87
2025-09-09,23839.8008,18.22,580.51
2025-09-10,23849.2695,18.62,580.7
2025-09-11,23992.5605,18.23,584.08
2025-09-12,24092.1895,18.18,586.66
2025-09-15,24293.7793,19.12,591.68
2025-09-16,24274.25,19.57,591.18
2025-09-17,24223.6895,19.02,590.0
2025-09-18,24454.8906,18.86,595.32
2025-09-19,24626.25,18.74,599.35
2025-09-22,24761.0703,19.42,602.2
2025-09-23,24580.1699,20.13,598.2
2025-09-24,24503.5703,19.93,596.1
2025-09-25,24397.3105,20.54,593.53
2025-09-26,24503.8496,19.33,595.97
2025-09-29,24611.3496,19.87,598.73
2025-09-30,24679.9902,20.0,600.37
2025-10-01,24800.8594,19.87,603.25
2025-10-02,24892.7598,20.01,605.73
2025-10-03,24785.5195,20.08,603.18
2025-10-06,24978.5605,20.4,607.71
2025-10-07,24840.2305,20.82,604.51
2025-10-08,25136.6191,20.02,611.44
2025-10-09,25098.1797,20.04,610.7
2025-10-10,24221.7402,25.23,589.5
2025-10-13,24750.25,22.8,602.01
2025-10-14,24579.3203,24.28,598.0
2025-10-15,24745.3594,24.42,602.22
2025-10-16,24657.2402,28.26,599.99
2025-10-17,24817.9492,24.97,603.93
2025-10-20,25141.0195,22.64,611.54
2025-10-21,25127.1309,22.59,611.38
2025-10-22,24879.0098,23.3,605.49
2025-10-23,25097.4102,21.72,610.58
2025-10-24,25358.1602,20.61,617.1
2025-10-27,25821.5508,20.5,628.09
2025-10-28,26012.1504,21.31,632.92
2025-10-29,26119.8496,21.76,635.77
2025-10-30,25734.8105,21.66,626.05
2025-10-31,25858.1309,21.99,629.07
2025-11-03,25972.9395,21.73,632.08
2025-11-04,25435.6992,23.3,619.25
2025-11-05,25620.0293,22.6,623.28
2025-11-06,25130.0391,24.64,611.67
2025-11-07,25059.8105,24.58,609.74
2025-11-10,25611.7402,22.62,623.23
2025-11-11,25533.4902,22.67,621.57
2025-11-12,25517.3301,23.06,621.08
2025-11-13,24993.4609,25.88,608.4
2025-11-14,25008.2402,26.15,608.86
2025-11-17,24799.9199,28.16,603.66
2025-11-18,24503.0996,30.51,596.31
2025-11-19,24640.5195,29.3,599.87
2025-11-20,24054.3809,32.72,585.67
2025-11-21,24239.5703,28.95,590.07
2025-11-24,24873.8496,25.57,605.16
2025-11-25,25018.3594,23.67,608.89
2025-11-26,25236.9395,22.26,614.27
2025-11-28,25434.8906,21.17,619.25
2025-12-01,25342.8496,22.06,617.17
2025-12-02,25555.8594,21.28,622.0
2025-12-03,25606.5391,20.65,623.52
2025-12-04,25581.6992,20.19,622.94
2025-12-05,25692.0508,19.62,625.48
2025-12-08,25627.9492,20.75,624.28
2025-12-09,25668.6895,20.76,625.05
2025-12-10,25776.4395,19.67,627.61
2025-12-11,25686.6895,18.4,625.58
2025-12-12,25196.7305,20.62,613.62
2025-12-15,25067.2695,20.71,610.54
2025-12-16,25132.9395,20.19,611.75
2025-12-17,24647.6094,21.78,600.41
2025-12-18,25019.3691,20.72,609.11
2025-12-19,25346.1797,18.52,617.05
2025-12-22,25461.6992,17.85,619.21
2025-12-23,25587.8301,17.47,622.11
2025-12-24,25656.1504,17.2,623.93
2025-12-26,25644.3906,17.38,623.89
2025-12-29,25525.5605,18.39,620.87
2025-12-30,25462.5605,18.95,619.43
2025-12-31,25249.8496,19.56,614.31
2026-01-02,25206.1699,19.75,613.12
2026-01-05,25401.3203,20.01,617.99
2026-01-06,25639.7109,19.53,623.42
2026-01-07,25653.9004,20.03,624.02
2026-01-08,25507.0996,20.15,620.47
2026-01-09,25766.2598,19.06,626.65
2026-01-12,25787.6602,19.53,627.17
2026-01-13,25741.9492,20.05,626.24
2026-01-14,25465.9395,20.96,619.55
2026-01-15,25547.0703,20.2,621.78
2026-01-16,25529.2598,20.29,621.26
2026-01-20,24987.5703,24.26,608.06
2026-01-21,25326.5801,21.19,616.28
2026-01-22,25518.3496,20.08,620.76
2026-01-23,25605.4707,20.37,622.72
2026-01-26,25713.2109,20.43,625.46
2026-01-27,25939.7402,20.55,631.13
2026-01-28,26022.7891,20.37,633.22
2026-01-29,25884.3008,21.44,629.43
2026-01-30,25552.3906,22.52,621.87
2026-02-02,25738.6094,21.23,626.14
2026-02-03,25338.6191,23.45,616.52
2026-02-04,24891.2402,26.01,605.75
2026-02-05,24548.6895,29.19,597.03
2026-02-06,25075.7695,24.3,609.65
2026-02-09,25268.1406,23.42,614.32
2026-02-10,25127.6406,23.46,611.47
2026-02-11,25201.2598,23.26,613.11
2026-02-12,24687.6094,26.87,600.64
2026-02-13,24732.7305,26.37,601.92
2026-02-17,24701.5996,25.98,601.3
2026-02-18,24898.8691,24.96,605.79
2026-02-19,24797.3398,25.64,603.47
2026-02-20,25012.6191,24.23,608.81
2026-02-23,24708.9395,26.36,601.41
2026-02-24,24977.0391,24.82,607.87
2026-02-25,25329.0391,22.94,616.68
2026-02-26,25034.3691,23.61,609.24
2026-02-27,24960.0391,24.52,607.29
2026-03-02,24992.5996,25.4,608.09
2026-03-03,24720.0801,27.51,601.58
2026-03-04,25093.6797,24.87,610.75
2026-03-05,25020.4102,26.0,608.91
2026-03-06,24643.0195,31.44,599.75
2026-03-09,24967.25,27.69,607.76
2026-03-10,24956.4707,27.33,607.77
2026-03-11,24965.0098,26.82,607.69
2026-03-12,24533.5801,29.83,597.26
2026-03-13,24380.7305,29.87,593.72
2026-03-16,24655.3398,26.32,600.38
2026-03-17,24780.4199,24.66,603.31
2026-03-18,24425.0898,27.72,594.9
2026-03-19,24355.2793,26.9,593.02
2026-03-20,23898.1504,29.2,582.06
2026-03-23,24188.5898,27.98,588.0
2026-03-24,24002.4492,28.74,583.98
2026-03-25,24162.9805,27.65,587.82
2026-03-26,23586.9902,29.86,573.79
2026-03-27,23132.7695,33.54,562.58
2026-03-30,22953.3809,33.26,558.28
2026-03-31,23740.1895,28.24,577.18
2026-04-01,24019.9902,27.56,584.31
2026-04-02,24045.5293,27.04,584.98
2026-04-06,24192.1699,27.39,588.5
2026-04-07,24202.3691,28.43,588.59
2026-04-08,24903.1699,25.24,606.09
2026-04-09,25082.0898,23.5,610.19
2026-04-10,25116.3398,23.09,611.07
2026-04-13,25383.7207,22.19,617.39
2026-04-14,25842.0,21.8,628.6
2026-04-15,26204.5801,22.25,637.4
2026-04-16,26333.0,22.18,640.47
2026-04-17,26672.4297,21.57,648.85
2026-04-20,26590.3398,22.93,646.79
2026-04-21,26479.4707,23.8,644.33
2026-04-22,26937.2793,23.58,655.11
2026-04-23,26782.6309,23.32,651.42
2026-04-24,27303.6699,23.38,663.88
2026-04-27,27305.6797,23.08,664.23
2026-04-28,27029.0098,23.24,657.55
2026-04-29,27186.9805,23.76,661.57
2026-04-30,27452.1191,21.79,667.74
2026-05-01,27710.3594,21.92,674.15
2026-05-04,27651.8203,23.04,672.88
2026-05-05,28015.0605,22.46,681.61
2026-05-06,28599.1699,23.58,695.77
2026-05-07,28563.9492,23.15,694.94
2026-05-08,29234.9902,23.76,711.23
2026-05-11,29320.6602,24.74,713.29
2026-05-12,29064.8008,24.13,707.24
2026-05-13,29366.9395,24.59,714.71
2026-05-14,29580.3008,24.08,719.79
2026-05-15,29125.1992,25.33,708.93
2026-05-18,28994.3691,24.21,705.88
2026-05-19,28818.8398,24.09,701.53
2026-05-20,29297.6992,23.71,713.15
2026-05-21,29357.2695,22.74,714.51
2026-05-22,29481.6406,22.82,717.54
2026-05-26,30001.3203,23.9,730.28
2026-05-27,29973.5703,23.39,729.45
2026-05-28,30223.8906,22.92,735.6
2026-05-29,30333.1797,22.58,738.31
2026-06-01,30513.8594,23.18,742.74
2026-06-02,30660.5996,23.27,746.16
2026-06-03,30571.2402,23.84,744.21
2026-06-04,30407.8105,23.22,740.61
2026-06-05,28957.5996,30.47,705.06
2026-06-08,29414.2598,27.12,716.07
2026-06-09,29084.5,29.78,707.83
2026-06-10,28508.0293,32.68,693.69
2026-06-11,29446.1797,30.44,717.12
2026-06-12,29635.9492,27.27,721.34
2026-06-15,30543.9199,25.92,744.0
2026-06-16,29968.1309,26.95,729.86
2026-06-17,29670.9492,28.56,722.51
2026-06-18,30406.1895,26.31,740.62
2026-06-22,30347.0801,27.67,737.95
2026-06-23,29347.2695,32.37,713.65
2026-06-24,29220.0605,30.18,710.62
2026-06-25,29440.3203,30.91,716.38
2026-06-26,29118.2402,30.82,706.52
2026-06-29,29774.75,29.37,724.08
2026-06-30,30276.3496,27.11,736.4
2026-07-01,29809.1309,27.69,725.17
2026-07-02,29329.2109,27.98,712.6
2026-07-06,29697.8691,26.81,722.82
2026-07-07,29173.0195,27.92,709.43
2026-07-08,29252.5605,27.86,711.44
2026-07-09,29727.0996,26.91,723.28
2026-07-10,29825.1094,24.89,725.51
2026-07-13,29264.0996,27.3,711.74
2026-07-14,29586.2891,26.28,719.69
2026-07-15,29502.5996,25.65,717.74
2026-07-16,29025.7695,27.34,705.94
2026-07-17,28592.6602,29.03,695.33
2026-07-20,28604.2305,28.53,696.06
2026-07-21,29155.1797,26.66,708.97
2026-07-22,28998.0996,26.74,705.35
2026-07-23,28454.8105,28.06,691.96
2026-07-24,28128.3398,28.39,684.23
2026-07-27,28039.2109,28.65,682.12
2026-07-28,27763.1309,28.61,675.49
2026-07-29,27192.3105,30.84,661.73
2026-07-30,28106.3496,27.55,683.55
2026-07-31,28274.1992,26.0,687.99
2026-08-03,28776.8008,24.77,700.07
2026-08-04,29733.1602,25.48,723.85
2026-08-05,29487.7891,24.15,717.3
2026-08-06,29373.3301,23.95,714.65
2026-08-07,29722.3008,22.82,723.03
2026-08-10,29621.8008,23.04,720.87
2026-08-11,29525.4805,22.38,718.45
2026-08-12,29742.5996,20.97,723.7
2026-08-13,30084.5,21.23,732.07
2026-08-14,30046.1406,20.72,731.07
2026-08-17,29995.3809,21.51,729.87
2026-08-18,29490.9609,22.56,717.51
2026-08-19,29426.0195,22.04,716.08
2026-08-20,29213.1602,23.26,710.93
2026-08-21,29308.8594,21.98,713.44
2026-08-24,29023.1797,22.69,706.32
2026-08-25,29209.2305,21.79,710.72
2026-08-26,29224.5195,21.42,711.37
2026-08-27,29641.5605,20.24,721.11
2026-08-28,29433.4297,19.92,716.43
2026-08-31,29456.9707,20.18,716.76
2026-09-01,29077.2207,21.96,707.64
2026-09-02,29143.3301,21.07,709.24
2026-09-03,29482.3203,20.16,717.67
2026-09-04,29544.1504,20.04,718.96
2026-09-08,29507.6992,21.71,718.36
2026-09-09,29421.5508,22.32,716.31
2026-09-10,29103.5098,23.33,708.69
2026-09-11,29368.4395,21.02,714.88
2026-09-14,29127.1602,22.05,709.18
2026-09-15,28937.8398,22.26,704.54
2026-09-16,28945.0605,22.44,704.72
2026-09-17,29446.9805,19.96,716.92
2026-09-18,29644.1699,19.29,721.45
2026-09-21,30482.3496,20.39,741.47
2026-09-22,30732.4004,20.18,747.46
2026-09-23,30470.2891,20.76,741.21
2026-09-24,30478.8594,21.24,741.1
2026-09-25,30608.1309,20.87,744.5
2026-09-28,30276.8105,22.13,736.53
2026-09-29,30339.3301,22.07,737.93
2026-09-30,30408.5,22.46,739.77
2026-10-01,30501.5605,22.51,742.03
2026-10-02,30807.9297,21.2,749.58
